,Año,Trimestre,Provincia,Accesos por cada 100 hogares,Acceso actual,Nuevo acceso,KPI,Cambio porcentual,Aumento 2%
840,2014,1,Buenos Aires,54.57007287943976,54.57007287943976,55.66147433702856,1.9999999999999991,,False
841,2014,1,Capital Federal,112.25412278926912,112.25412278926912,114.4992052450545,1.9999999999999973,,False
842,2014,1,Catamarca,24.251751254585557,24.251751254585557,24.73678627967727,2.0000000000000027,,False
843,2014,1,Chaco,20.71853886384081,20.71853886384081,21.132909641117624,1.9999999999999956,,False
844,2014,1,Chubut,41.23521807972435,41.23521807972435,42.05992244131883,1.9999999999999944,,False
845,2014,1,Córdoba,52.51784754400632,52.51784754400632,53.56820449488645,2.0000000000000053,,False
846,2014,1,Corrientes,22.31671671383888,22.31671671383888,22.763051048115656,1.999999999999998,,False
847,2014,1,Entre Ríos,34.367121821250166,34.367121821250166,35.05446425767517,2.0000000000000067,,False
848,2014,1,Formosa,17.418451079368708,17.418451079368708,17.76682010095608,1.9999999999999967,,False
849,2014,1,Jujuy,18.41535244687765,18.41535244687765,18.783659495815204,1.9999999999999967,,False
850,2014,1,La Pampa,48.42532103828204,48.42532103828204,49.393827459047685,2.000000000000003,,False
851,2014,1,La Rioja,16.294104815837528,16.294104815837528,16.61998691215428,1.9999999999999973,,False
852,2014,1,Mendoza,31.91312298660578,31.91312298660578,32.551385446337896,1.9999999999999973,,False
853,2014,1,Misiones,23.13653864847733,23.13653864847733,23.599269421446877,2.0000000000000004,,False
854,2014,1,Neuquén,49.79160519138556,49.79160519138556,50.787437295213266,1.9999999999999958,,False
855,2014,1,Río Negro,44.913957131788514,44.913957131788514,45.812236274424286,2.000000000000004,,False
856,2014,1,Salta,28.69955950963068,28.69955950963068,29.273550699823296,2.0000000000000044,,False
857,2014,1,San Juan,27.59549302299609,27.59549302299609,28.147402883456014,2.0000000000000013,,False
858,2014,1,San Luis,9.347207842190002,9.347207842190002,9.534151999033803,2.0000000000000058,,False
859,2014,1,Santa Cruz,28.939093063577776,28.939093063577776,29.51787492484933,1.9999999999999973,,False
860,2014,1,Santa Fe,47.84766256547095,47.84766256547095,48.80461581678037,2.0000000000000058,,False
861,2014,1,Santiago Del Estero,16.309923503967603,16.309923503967603,16.636121974046954,1.999999999999995,,False
862,2014,1,Tierra Del Fuego,63.965925574153744,63.965925574153744,65.24524408563681,1.9999999999999911,,False
863,2014,1,Tucumán,33.4209747934719,33.4209747934719,34.089394289341335,1.999999999999995,,False
816,2014,2,Buenos Aires,55.06141695143392,55.06141695143392,56.1626452904626,2.0000000000000027,0.9003910863004894,False
817,2014,2,Capital Federal,113.1433524754098,113.1433524754098,115.406219524918,2.0000000000000053,0.7921577079266884,False
818,2014,2,Catamarca,24.703118860058403,24.703118860058403,25.19718123725957,1.9999999999999982,1.8611753053813018,False
819,2014,2,Chaco,20.95799636749445,20.95799636749445,21.377156294844337,1.9999999999999956,1.1557644350661977,False
820,2014,2,Chubut,41.41020981991258,41.41020981991258,42.238414016310834,2.000000000000005,0.42437447487218005,False
821,2014,2,Córdoba,53.448126115626,53.448126115626,54.51708863793852,1.9999999999999956,1.771357005521157,False
822,2014,2,Corrientes,22.575613003243586,22.575613003243586,23.02712526330846,2.000000000000009,1.160100263513053,False
823,2014,2,Entre Ríos,34.687432371459764,34.687432371459764,35.38118101888896,2.0000000000000018,0.9320261145975284,False
824,2014,2,Formosa,17.54041175485166,17.54041175485166,17.891219989948695,2.000000000000005,0.7001809456376407,False
825,2014,2,Jujuy,18.706060999413573,18.706060999413573,19.080182219401845,2.0000000000000013,1.5786206284920334,False
826,2014,2,La Pampa,49.70759616034458,49.70759616034458,50.70174808355147,2.000000000000002,2.647943461332658,True
827,2014,2,La Rioja,16.502564816345664,16.502564816345664,16.83261611267258,2.0000000000000058,1.2793584113041767,False
828,2014,2,Mendoza,32.098238150241194,32.098238150241194,32.740202913246016,1.9999999999999933,0.5800596942928671,False
829,2014,2,Misiones,23.367747601299843,23.367747601299843,23.83510255332584,1.9999999999999967,0.9993238674780303,False
830,2014,2,Neuquén,50.84274905844866,50.84274905844866,51.859604039617636,2.000000000000005,2.1110865235671517,True
831,2014,2,Río Negro,45.33491032014632,45.33491032014632,46.24160852654925,2.0000000000000058,0.9372435991837236,False
832,2014,2,Salta,28.91459400086288,28.91459400086288,29.492885880880138,1.9999999999999993,0.7492605980939926,False
833,2014,2,San Juan,27.782697817958912,27.782697817958912,28.33835177431809,2.0000000000000058,0.6783890210144694,False
834,2014,2,San Luis,9.717910199871824,9.717910199871824,9.91226840386926,2.0000000000000053,3.9659154256590057,True
835,2014,2,Santa Cruz,29.377007153054272,29.377007153054272,29.96454729611536,2.0000000000000058,1.5132267224630125,False
836,2014,2,Santa Fe,48.39035138670138,48.39035138670138,49.35815841443541,1.9999999999999951,1.1342013217215507,False
837,2014,2,Santiago Del Estero,16.695567347354444,16.695567347354444,17.029478694301535,2.000000000000008,2.364473648776033,True
838,2014,2,Tierra Del Fuego,64.35604517159936,64.35604517159936,65.64316607503135,1.9999999999999938,0.6098865824951893,False
839,2014,2,Tucumán,33.94452688568229,33.94452688568229,34.62341742339594,2.0000000000000084,1.5665374677002575,False
792,2014,3,Buenos Aires,56.75473916407103,56.75473916407103,57.88983394735246,2.000000000000006,3.0753335209856347,True
793,2014,3,Capital Federal,113.8005123324155,113.8005123324155,116.0765225790638,2.0000000000000018,0.5808205631422592,False
794,2014,3,Catamarca,24.706121305327624,24.706121305327624,25.200243731434178,2.000000000000004,0.012154114167639563,False
795,2014,3,Chaco,21.112666705262427,21.112666705262427,21.534920039367677,2.0000000000000053,0.7380015486970315,False
796,2014,3,Chubut,40.59867094427454,40.59867094427454,41.41064436316003,2.0000000000000067,-1.959755526879281,False
797,2014,3,Córdoba,54.23361028299935,54.23361028299935,55.318282488659335,1.9999999999999951,1.4696196564011998,False
798,2014,3,Corrientes,22.78753503515243,22.78753503515243,23.24328573585548,2.000000000000004,0.9387210521299982,False
799,2014,3,Entre Ríos,34.981647333712985,34.981647333712985,35.68128028038725,2.0000000000000115,0.8481889322407676,False
800,2014,3,Formosa,17.771314831468263,17.771314831468263,18.126741128097628,1.9999999999999942,1.3164062500000018,False
801,2014,3,Jujuy,18.368534215570367,18.368534215570367,18.735904899881774,1.9999999999999973,-1.8043712348301821,False
802,2014,3,La Pampa,55.78120173850417,55.78120173850417,56.89682577327426,2.000000000000004,12.218666858416615,True
803,2014,3,La Rioja,16.50671327406722,16.50671327406722,16.836847539548565,2.0000000000000013,0.02513826043237799,False
804,2014,3,Mendoza,32.313179561655694,32.313179561655694,32.95944315288881,2.000000000000004,0.66963616634792,False
805,2014,3,Misiones,23.567356954345527,23.567356954345527,24.03870409343244,2.0000000000000075,0.854208785764965,False
806,2014,3,Neuquén,56.39541102706976,56.39541102706976,57.523319247611155,1.9999999999999958,10.921246532593631,True
807,2014,3,Río Negro,46.19618715783015,46.19618715783015,47.12011090098676,2.000000000000008,1.8998092895776475,False
808,2014,3,Salta,29.2226843537979,29.2226843537979,29.807138040873856,1.9999999999999962,1.0655185161023706,False
809,2014,3,San Juan,27.854244478102743,27.854244478102743,28.4113293676648,2.000000000000003,0.2575223637842017,False
810,2014,3,San Luis,9.711210759672754,9.711210759672754,9.90543497486621,2.0000000000000107,-0.06893910379165424,False
811,2014,3,Santa Cruz,28.231942904274984,28.231942904274984,28.796581762360486,2.000000000000007,-3.897824726710586,False
812,2014,3,Santa Fe,49.19588444557267,49.19588444557267,50.17980213448413,2.000000000000001,1.6646563535652747,False
813,2014,3,Santiago Del Estero,16.49220390830193,16.49220390830193,16.82204798646797,2.0000000000000107,-1.2180684538686148,False
814,2014,3,Tierra Del Fuego,65.68610204476191,65.68610204476191,66.99982408565715,2.000000000000007,2.066716296217508,True
815,2014,3,Tucumán,33.94375582221807,33.94375582221807,34.62263093866243,1.9999999999999944,-0.002271539876863571,False
768,2014,4,Buenos Aires,56.09433653019754,56.09433653019754,57.21622326080149,2.0000000000000058,-1.1636079094018092,False
769,2014,4,Capital Federal,114.89676550801624,114.89676550801624,117.19470081817657,2.0000000000000013,0.9633112831676449,False
770,2014,4,Catamarca,25.513779082748,25.513779082748,26.02405466440296,1.9999999999999956,3.2690593858867523,True
771,2014,4,Chaco,21.87078320023224,21.87078320023224,22.308198864236886,2.0000000000000075,3.5908135412417996,True
772,2014,4,Chubut,40.24927468450274,40.24927468450274,41.05426017819279,1.9999999999999993,-0.860610093003733,False
773,2014,4,Córdoba,54.69689679332299,54.69689679332299,55.790834729189456,2.000000000000007,0.8542424299362361,False
774,2014,4,Corrientes,23.56243099277512,23.56243099277512,24.03367961263062,1.9999999999999951,3.400525578687308,True
775,2014,4,Entre Ríos,36.0254708519679,36.0254708519679,36.74598026900726,2.0000000000000036,2.9839175619638336,True
776,2014,4,Formosa,17.956311361695214,17.956311361695214,18.315437588929118,2.000000000000001,1.0409839225816286,False
777,2014,4,Jujuy,19.59941818052116,19.59941818052116,19.991406544131582,1.9999999999999998,6.701046204913919,True
778,2014,4,La Pampa,51.273133452228585,51.273133452228585,52.29859612127316,2.0000000000000004,-8.081698037645179,False
779,2014,4,La Rioja,17.01075088723615,17.01075088723615,17.35096590498087,1.9999999999999933,3.053531037949231,True
780,2014,4,Mendoza,32.63838187615034,32.63838187615034,33.291149513673346,1.999999999999997,1.0064076606083772,False
781,2014,4,Misiones,24.162430605588312,24.162430605588312,24.645679217700078,1.9999999999999967,2.5249910390696684,True
782,2014,4,Neuquén,52.55498969724957,52.55498969724957,53.60608949119456,2.0000000000000018,-6.809811755741602,False
783,2014,4,Río Negro,45.47806275120403,45.47806275120403,46.38762400622811,1.9999999999999991,-1.5545101247699034,False
784,2014,4,Salta,29.534861619577978,29.534861619577978,30.125558851969537,1.999999999999998,1.068270327258647,False
785,2014,4,San Juan,28.037145714560676,28.037145714560676,28.59788862885189,2.000000000000004,0.6566368605033235,False
786,2014,4,San Luis,9.786393366351197,9.786393366351197,9.982121233678221,2.0000000000000027,0.7741836578261552,False
787,2014,4,Santa Cruz,27.802678969652344,27.802678969652344,28.358732549045392,2.0000000000000027,-1.5204902336269588,False
788,2014,4,Santa Fe,49.99962302348271,49.99962302348271,50.99961548395237,2.0000000000000036,1.6337516582291434,False
789,2014,4,Santiago Del Estero,17.26920158364512,17.26920158364512,17.614585615318024,2.0000000000000067,4.711302865665279,True
790,2014,4,Tierra Del Fuego,66.13781947338316,66.13781947338316,67.46057586285083,2.000000000000011,0.687691025284809,False
791,2014,4,Tucumán,35.32087516932818,35.32087516932818,36.027292672714744,1.9999999999999925,4.057062377901954,True
744,2015,1,Buenos Aires,56.37048433026737,56.37048433026737,57.49789401687271,1.9999999999999993,0.4922917662483872,False
745,2015,1,Capital Federal,114.89699714890288,114.89699714890288,117.19493709188094,2.000000000000003,0.0002016078395339349,False
746,2015,1,Catamarca,25.10946633078758,25.10946633078758,25.611655657403332,2.000000000000004,-1.5846839100124188,False
747,2015,1,Chaco,26.649591220305552,26.649591220305552,27.182583044711663,1.999999999999998,21.850191537825523,True
748,2015,1,Chubut,37.61278068590792,37.61278068590792,38.365036299626084,2.0000000000000107,-6.550413688845802,False
749,2015,1,Córdoba,54.69734650188214,54.69734650188214,55.79129343191978,2.0000000000000058,0.000822182949145045,False
750,2015,1,Corrientes,28.95019128190928,28.95019128190928,29.529195107547466,1.9999999999999998,22.86589312786187,True
751,2015,1,Entre Ríos,42.06519337351208,42.06519337351208,42.906497240982326,2.0000000000000075,16.765145267252635,True
752,2015,1,Formosa,18.12270367397183,18.12270367397183,18.485157747451268,2.0000000000000036,0.9266508523101624,False
753,2015,1,Jujuy,19.68971363262363,19.68971363262363,20.083507905276104,2.00000000000001,0.4607047580229118,False
754,2015,1,La Pampa,55.50803232733774,55.50803232733774,56.61819297388449,1.9999999999999962,8.25948911247023,True
755,2015,1,La Rioja,16.703201787413843,16.703201787413843,17.03726582316212,2.0000000000000004,-1.8079689830333923,False
756,2015,1,Mendoza,32.36588756051825,32.36588756051825,33.01320531172862,2.000000000000003,-0.8348891702600225,False
757,2015,1,Misiones,26.305604105190643,26.305604105190643,26.831716187294457,2.000000000000007,8.869858892038174,True
758,2015,1,Neuquén,51.95443673810251,51.95443673810251,52.99352547286456,2.000000000000006,-1.1427134942022188,False
759,2015,1,Río Negro,45.32694907202778,45.32694907202778,46.233488053468335,1.9999999999999982,-0.3322781799280694,False
760,2015,1,Salta,30.00978823344275,30.00978823344275,30.609983998111606,1.9999999999999958,1.6080204470975357,False
761,2015,1,San Juan,27.553192759766446,27.553192759766446,28.104256614961777,2.000000000000006,-1.7261134914418053,False
762,2015,1,San Luis,9.716048963760594,9.716048963760594,9.910369943035805,1.9999999999999951,-0.7187980286227802,False
763,2015,1,Santa Cruz,27.994863943494483,27.994863943494483,28.554761222364373,2.0000000000000018,0.6912462430398003,False
764,2015,1,Santa Fe,50.24449475931921,50.24449475931921,51.2493846545056,2.0000000000000067,0.48974716413661135,False
765,2015,1,Santiago Del Estero,17.0558169911586,17.0558169911586,17.396933330981774,2.000000000000009,-1.235636699548437,False
766,2015,1,Tierra Del Fuego,74.23495170010268,74.23495170010268,75.71965073410473,1.9999999999999927,12.2428170314538,True
767,2015,1,Tucumán,35.07860688538978,35.07860688538978,35.78017902309758,2.0000000000000107,-0.6859067981100919,False
720,2015,2,Buenos Aires,56.80280561439208,56.80280561439208,57.93886172667992,1.9999999999999962,0.7669284542453081,False
721,2015,2,Capital Federal,116.06627091860372,116.06627091860372,118.3875963369758,2.0000000000000075,1.0176713044863117,False
722,2015,2,Catamarca,25.45341804469818,25.45341804469818,25.96248640559214,1.999999999999997,1.3698089373124889,False
723,2015,2,Chaco,27.46453938839946,27.46453938839946,28.01383017616745,2.0000000000000044,3.0580137659783624,True
724,2015,2,Chubut,36.58246720458481,36.58246720458481,37.31411654867651,2.0000000000000107,-2.7392643206226253,False
725,2015,2,Córdoba,55.86916350781819,55.86916350781819,56.98654677797456,2.0000000000000053,2.1423653629993433,True
726,2015,2,Corrientes,29.584012668108493,29.584012668108493,30.175692921470663,2.0000000000000027,2.1893512896934864,True
727,2015,2,Entre Ríos,42.93197901645878,42.93197901645878,43.79061859678796,1.9999999999999987,2.0605768651773326,True
728,2015,2,Formosa,18.36026720527858,18.36026720527858,18.72747254938415,1.9999999999999967,1.310861423220988,False
729,2015,2,Jujuy,20.287219077594944,20.287219077594944,20.692963459146842,1.9999999999999956,3.034607085302232,True
730,2015,2,La Pampa,56.70766522530004,56.70766522530004,57.84181852980604,1.9999999999999993,2.161187935626896,True
731,2015,2,La Rioja,16.883190981963825,16.883190981963825,17.220854801603103,2.0000000000000107,1.0775730116941329,False
732,2015,2,Mendoza,32.49199583186653,32.49199583186653,33.141835748503865,2.000000000000008,0.38963328631875793,False
733,2015,2,Misiones,27.34768244882168,27.34768244882168,27.894636097798113,2.0000000000000004,3.9614309538909653,True
734,2015,2,Neuquén,53.11733659323144,53.11733659323144,54.17968332509607,2.0000000000000004,2.2383071170437363,True
735,2015,2,Río Negro,45.97612013432327,45.97612013432327,46.895642537009735,2.0000000000000058,1.4321966856050805,False
736,2015,2,Salta,30.46112384270092,30.46112384270092,31.07034631955494,2.0,1.503961326708736,False
737,2015,2,San Juan,27.64305342045848,27.64305342045848,28.19591448886765,2.0000000000000075,0.32613520137401153,False
738,2015,2,San Luis,9.707971837203658,9.707971837203658,9.902131273947731,1.999999999999997,-0.0831318016928706,False
739,2015,2,Santa Cruz,27.072245027448236,27.072245027448236,27.6136899279972,1.9999999999999962,-3.295672084381207,False
740,2015,2,Santa Fe,51.17653890867876,51.17653890867876,52.20006968685233,1.9999999999999951,1.855017457781627,False
741,2015,2,Santiago Del Estero,17.110566632982863,17.110566632982863,17.45277796564252,2.000000000000009,0.3210027514521485,False
742,2015,2,Tierra Del Fuego,74.50787431664719,74.50787431664719,75.99803180298014,2.0000000000000044,0.3676470588235503,False
743,2015,2,Tucumán,35.68770560918727,35.68770560918727,36.40145972137101,1.9999999999999931,1.7363823078480722,False
696,2015,3,Buenos Aires,57.68868105608009,57.68868105608009,58.842454677201694,1.9999999999999993,1.5595628281141805,False
697,2015,3,Capital Federal,118.2892111643196,118.2892111643196,120.654995387606,2.000000000000004,1.915233623103818,False
698,2015,3,Catamarca,25.863781184637624,25.863781184637624,26.381056808330378,2.0000000000000058,1.6122123135636102,False
699,2015,3,Chaco,27.96307279347941,27.96307279347941,28.522334249348997,2.0000000000000013,1.8151893903253447,False
700,2015,3,Chubut,36.81180991463324,36.81180991463324,37.5480461129259,2.0000000000000027,0.626919744821608,False
701,2015,3,Córdoba,57.08340378951846,57.08340378951846,58.22507186530883,2.0000000000000027,2.1733639909077063,True
702,2015,3,Corrientes,30.16741240901903,30.16741240901903,30.77076065719941,2.000000000000003,1.9720101781170563,False
703,2015,3,Entre Ríos,43.67718163526334,43.67718163526334,44.55072526796861,2.0000000000000098,1.7357751398296095,False
704,2015,3,Formosa,18.83675177378525,18.83675177378525,19.213486809260953,1.9999999999999958,2.5951940850277078,True
705,2015,3,Jujuy,21.2703333470887,21.2703333470887,21.695740014030477,2.0000000000000058,4.845978474099999,True
706,2015,3,La Pampa,57.96395975091518,57.96395975091518,59.12323894593349,2.0000000000000058,2.21538749765815,True
707,2015,3,La Rioja,17.151129442032545,17.151129442032545,17.494152030873195,1.9999999999999973,1.587013144345506,False
708,2015,3,Mendoza,32.49199583186653,32.49199583186653,33.141835748503865,2.000000000000008,0.0,False
709,2015,3,Misiones,28.306345093436885,28.306345093436885,28.872471995305624,2.0000000000000027,3.505462104181012,True
710,2015,3,Neuquén,54.59931489671118,54.59931489671118,55.691301194645405,2.000000000000006,2.790008683659373,True
711,2015,3,Río Negro,46.389186656745146,46.389186656745146,47.31697038988005,1.999999999999998,0.8984371043382344,False
712,2015,3,Salta,31.175945212858437,31.175945212858437,31.799464117115605,1.9999999999999962,2.346667752144671,True
713,2015,3,San Juan,27.66538565566005,27.66538565566005,28.218693368773252,2.0000000000000053,0.08078787412479915,False
714,2015,3,San Luis,9.70650326873876,9.70650326873876,9.900633334113536,2.000000000000001,-0.015127448755769546,False
715,2015,3,Santa Cruz,27.60606098342944,27.60606098342944,28.15818220309803,1.9999999999999998,1.971820052012574,False
716,2015,3,Santa Fe,52.14595474084349,52.14595474084349,53.18887383566037,2.0000000000000075,1.8942582926418483,False
717,2015,3,Santiago Del Estero,17.11882253135319,17.11882253135319,17.461198981980253,2.000000000000003,0.048250292041251974,False
718,2015,3,Tierra Del Fuego,74.85845784033849,74.85845784033849,76.35562699714527,2.0000000000000093,0.4705321778492477,False
719,2015,3,Tucumán,36.61035952774264,36.61035952774264,37.34256671829749,1.9999999999999998,2.58535510424589,True
672,2015,4,Buenos Aires,58.29182182733718,58.29182182733718,59.45765826388393,2.000000000000007,1.0455097260253954,False
673,2015,4,Capital Federal,118.13036321153808,118.13036321153808,120.49297047576884,1.9999999999999991,-0.13428777757327204,False
674,2015,4,Catamarca,26.23945178859185,26.23945178859185,26.76424082436369,2.0000000000000075,1.4524968382324754,False
675,2015,4,Chaco,28.35056623514143,28.35056623514143,28.917577559844258,2.0000000000000013,1.385732692983499,False
676,2015,4,Chubut,36.89017827786587,36.89017827786587,37.62798184342319,2.0000000000000107,0.21288918804691637,False
677,2015,4,Córdoba,57.364881766079215,57.364881766079215,58.5121794014008,2.000000000000002,0.49309949630655936,False
678,2015,4,Corrientes,30.33643144533882,30.33643144533882,30.943160074245597,1.9999999999999982,0.5602702480019817,False
679,2015,4,Entre Ríos,44.10854807300098,44.10854807300098,44.990719034461,1.9999999999999998,0.9876242504378352,False
680,2015,4,Formosa,19.06549151678632,19.06549151678632,19.446801347122047,2.000000000000004,1.2143268953589192,False
681,2015,4,Jujuy,21.47147379391073,21.47147379391073,21.900903269788945,2.0000000000000058,0.9456384323641043,False
682,2015,4,La Pampa,58.75633720012275,58.75633720012275,59.931463944125206,1.9999999999999998,1.3670174581112082,False
683,2015,4,La Rioja,17.315778648410653,17.315778648410653,17.662094221378865,1.999999999999995,0.9599904597221487,False
684,2015,4,Mendoza,32.48895249500142,32.48895249500142,33.13873154490145,1.9999999999999925,-0.009366420212719717,False
685,2015,4,Misiones,28.68665889154237,28.68665889154237,29.260392069373218,2.000000000000007,1.343563772892975,False
686,2015,4,Neuquén,58.2893377687955,58.2893377687955,59.45512452417141,2.000000000000003,6.758368450345875,True
687,2015,4,Río Negro,46.43948111494307,46.43948111494307,47.368270737241936,2.0000000000000075,0.10841849539220405,False
688,2015,4,Salta,31.593492648071862,31.593492648071862,32.2253625010333,2.000000000000009,1.3393256639455675,False
689,2015,4,San Juan,27.6648539357743,27.6648539357743,28.218151014489788,2.000000000000007,-0.0019219680953197482,False
690,2015,4,San Luis,9.705768984506312,9.705768984506312,9.899884364196438,2.0000000000000027,-0.0075648687495322164,False
691,2015,4,Santa Cruz,27.74476906647967,27.74476906647967,28.299664447809263,2.0000000000000013,0.5024551787141451,False
692,2015,4,Santa Fe,52.60808978585806,52.60808978585806,53.660251581575224,2.0000000000000004,0.8862337401075449,False
693,2015,4,Santiago Del Estero,17.00497803803607,17.00497803803607,17.34507759879679,1.9999999999999918,-0.6650252557301228,False
694,2015,4,Tierra Del Fuego,66.46220433623792,66.46220433623792,67.79144842296267,1.999999999999997,-11.216172155200521,False
695,2015,4,Tucumán,37.06217328329588,37.06217328329588,37.803416748961794,1.9999999999999993,1.2341145003256893,False
648,2016,1,Buenos Aires,57.33590782254113,57.33590782254113,58.482625978991955,2.000000000000002,-1.6398767011048476,False
649,2016,1,Capital Federal,115.16005888884816,115.16005888884816,117.46326006662512,2.0000000000000058,-2.514429179711364,False
650,2016,1,Catamarca,25.910217981190534,25.910217981190534,26.428422340814347,2.0000000000000067,-1.2547282239503854,False
651,2016,1,Chaco,28.07514644775236,28.07514644775236,28.636649376707407,1.9999999999999993,-0.9714789648457844,False
652,2016,1,Chubut,36.0927055378499,36.0927055378499,36.8145596486069,2.0000000000000067,-2.161748132549557,False
653,2016,1,Córdoba,55.283092783740216,55.283092783740216,56.38875463941502,1.9999999999999982,-3.6290303723244044,False
654,2016,1,Corrientes,30.080785004133052,30.080785004133052,30.682400704215713,1.9999999999999998,-0.8427043954276625,False
655,2016,1,Entre Ríos,43.84596814466226,43.84596814466226,44.722887507555505,2.000000000000004,-0.5953039485773748,False
656,2016,1,Formosa,19.041878369434937,19.041878369434937,19.422715936823636,2.0000000000000027,-0.12385281192773823,False
657,2016,1,Jujuy,21.41001128856396,21.41001128856396,21.838211514335242,2.000000000000009,-0.2862519170165112,False
658,2016,1,La Pampa,57.84086865504526,57.84086865504526,58.99768602814617,2.0000000000000027,-1.5580762666662196,False
659,2016,1,La Rioja,16.83351837249417,16.83351837249417,17.170188739944052,2.0000000000000018,-2.785091480484758,False
660,2016,1,Mendoza,32.12333888801278,32.12333888801278,32.76580566577304,1.9999999999999982,-1.125347476330274,False
661,2016,1,Misiones,28.36765259095629,28.36765259095629,28.935005642775415,1.9999999999999993,-1.1120371382117633,False
662,2016,1,Neuquén,55.75393700425406,55.75393700425406,56.869015744339144,2.000000000000001,-4.349681882813794,False
663,2016,1,Río Negro,45.83512638708331,45.83512638708331,46.751828914824976,2.000000000000008,-1.3013813103637362,False
664,2016,1,Salta,31.315545971153234,31.315545971153234,31.9418568905763,2.0000000000000036,-0.879759259334667,False
665,2016,1,San Juan,27.330794110004312,27.330794110004312,27.8774099922044,2.0000000000000004,-1.2075242708511236,False
666,2016,1,San Luis,9.586346282770212,9.586346282770212,9.778073208425615,1.999999999999997,-1.2304300867529316,False
667,2016,1,Santa Cruz,26.865862521449998,26.865862521449998,27.403179771879,2.000000000000007,-3.1678279351459393,False
668,2016,1,Santa Fe,51.27734085407622,51.27734085407622,52.30288767115775,2.0000000000000036,-2.5295518943924233,False
669,2016,1,Santiago Del Estero,16.205749206821952,16.205749206821952,16.529864190958392,2.000000000000004,-4.699969793706494,False
670,2016,1,Tierra Del Fuego,65.83304163135006,65.83304163135006,67.14970246397706,2.0000000000000107,-0.9466473632214645,False
671,2016,1,Tucumán,36.72477136636591,36.72477136636591,37.459266793693224,1.999999999999998,-0.9103673288420988,False
624,2016,2,Buenos Aires,59.33852679105808,59.33852679105808,60.52529732687924,1.9999999999999987,3.4927832218427657,True
625,2016,2,Capital Federal,120.03953504825309,120.03953504825309,122.44032574921815,1.9999999999999993,4.237125446518375,True
626,2016,2,Catamarca,26.07418805974065,26.07418805974065,26.59567182093546,1.9999999999999962,0.6328394406760696,False
627,2016,2,Chaco,28.5935505552226,28.5935505552226,29.16542156632705,2.000000000000001,1.846487634303129,False
628,2016,2,Chubut,36.12438565556337,36.12438565556337,36.84687336867464,2.000000000000009,0.0877742946708393,False
629,2016,2,Córdoba,57.54798052828644,57.54798052828644,58.698940138852166,1.9999999999999987,4.096890442447121,True
630,2016,2,Corrientes,30.58016204661656,30.58016204661656,31.191765287548893,2.000000000000004,1.6601197156753011,False
631,2016,2,Entre Ríos,44.73887454518738,44.73887454518738,45.63365203609113,2.0000000000000036,2.0364618192010964,True
632,2016,2,Formosa,19.370070664564,19.370070664564,19.75747207785528,1.9999999999999951,1.7235289962562739,False
633,2016,2,Jujuy,21.888281043576683,21.888281043576683,22.326046664448217,2.000000000000003,2.2338603589068917,True
634,2016,2,La Pampa,60.43686025737927,60.43686025737927,61.64559746252686,1.9999999999999998,4.488161507075783,True
635,2016,2,La Rioja,16.878902611111524,16.878902611111524,17.216480663333755,2.0000000000000013,0.26960637469295445,False
636,2016,2,Mendoza,32.12597179442594,32.12597179442594,32.76849123031446,1.9999999999999925,0.00819624143786335,False
637,2016,2,Misiones,29.239512823021972,29.239512823021972,29.824303079482412,2.000000000000003,3.073431011854799,True
638,2016,2,Neuquén,59.09828553366204,59.09828553366204,60.28025124433528,1.9999999999999973,5.998407841858433,True
639,2016,2,Río Negro,46.24011307812744,46.24011307812744,47.16491533968999,1.9999999999999967,0.8835727595119414,False
640,2016,2,Salta,32.08172602508202,32.08172602508202,32.72336054558366,1.9999999999999982,2.446644406693599,True
641,2016,2,San Juan,27.34078151409113,27.34078151409113,27.887597144372954,2.000000000000004,0.03654267800130562,False
642,2016,2,San Luis,9.60373385160232,9.60373385160232,9.795808528634366,1.9999999999999991,0.1813784764207682,False
643,2016,2,Santa Cruz,26.728911725319804,26.728911725319804,27.263489959826202,2.000000000000007,-0.5097576748963495,False
644,2016,2,Santa Fe,52.43647725937112,52.43647725937112,53.48520680455854,1.9999999999999962,2.260523626982791,True
645,2016,2,Santiago Del Estero,15.888925047306124,15.888925047306124,16.206703548252246,2.0,-1.955010875908525,False
646,2016,2,Tierra Del Fuego,67.71824288255286,67.71824288255286,69.07260774020392,2.000000000000009,2.863609525683919,True
647,2016,2,Tucumán,37.23568289338424,37.23568289338424,37.98039655125192,2.0,1.3911904908038286,False
600,2016,3,Buenos Aires,60.14329545468815,60.14329545468815,61.34616136378192,2.0000000000000058,1.3562329689508656,False
601,2016,3,Capital Federal,120.77287775101534,120.77287775101534,123.18833530603565,2.000000000000003,0.6109176468131805,False
602,2016,3,Catamarca,26.48067675746367,26.48067675746367,27.010290292612943,2.000000000000001,1.5589697243560519,False
603,2016,3,Chaco,28.910749068480957,28.910749068480957,29.488964049850576,2.000000000000001,1.1093358715482227,False
604,2016,3,Chubut,36.17869442878647,36.17869442878647,36.9022683173622,1.9999999999999976,0.15033826108745707,False
605,2016,3,Córdoba,58.24381625803197,58.24381625803197,59.40869258319261,2.0000000000000027,1.2091401355144082,False
606,2016,3,Corrientes,31.066878826051184,31.066878826051184,31.68821640257221,2.000000000000005,1.5916095496572913,False
607,2016,3,Entre Ríos,45.43514088447326,45.43514088447326,46.34384370216273,2.000000000000002,1.5562893487243157,False
608,2016,3,Formosa,18.639708302862847,18.639708302862847,19.012502468920104,2.0000000000000036,-3.7705714880911234,False
609,2016,3,Jujuy,22.605154265256864,22.605154265256864,23.057257350562,1.9999999999999962,3.2751462769186057,True
610,2016,3,La Pampa,61.73178543650905,61.73178543650905,62.96642114523923,2.0000000000000004,2.142608291719905,True
611,2016,3,La Rioja,17.074559106484113,17.074559106484113,17.416050288613796,2.000000000000006,1.1591778202676872,False
612,2016,3,Mendoza,32.08835884566649,32.08835884566649,32.730126022579825,2.0000000000000115,-0.11707956727391444,False
613,2016,3,Misiones,29.905385775898186,29.905385775898186,30.50349349141615,2.0000000000000058,2.277305223608006,True
614,2016,3,Neuquén,60.21485088853954,60.21485088853954,61.41914790631033,2.000000000000001,1.889336289191501,False
615,2016,3,Río Negro,46.38796536215942,46.38796536215942,47.31572466940261,2.000000000000009,0.3197489672704057,False
616,2016,3,Salta,32.95583168118035,32.95583168118035,33.614948314803954,1.9999999999999918,2.7246216597415662,True
617,2016,3,San Juan,27.31712713599077,27.31712713599077,27.863469678710587,2.000000000000005,-0.08651683233037444,False
618,2016,3,San Luis,9.630539686885156,9.630539686885156,9.823150480622859,2.0000000000000018,0.27911888955942654,False
619,2016,3,Santa Cruz,26.835201895450695,26.835201895450695,27.37190593335971,2.000000000000004,0.3976599242916601,False
620,2016,3,Santa Fe,52.67215036886248,52.67215036886248,53.725593376239736,2.0000000000000084,0.4494449700074954,False
621,2016,3,Santiago Del Estero,15.329646578472886,15.329646578472886,15.636239510042344,2.000000000000003,-3.5199264089175175,False
622,2016,3,Tierra Del Fuego,68.94049249100736,68.94049249100736,70.3193023408275,1.9999999999999944,1.8049044931279568,False
623,2016,3,Tucumán,37.89736341023836,37.89736341023836,38.65531067844313,1.999999999999998,1.777006530936176,False
576,2016,4,Buenos Aires,61.236587430356856,61.236587430356856,62.461319178964,2.000000000000006,1.8178118897598239,False
577,2016,4,Capital Federal,120.63133173632356,120.63133173632356,123.04395837105004,2.000000000000006,-0.11720016722925886,False
578,2016,4,Catamarca,26.543515589961917,26.543515589961917,27.074385901761154,1.9999999999999958,0.237300704486465,False
579,2016,4,Chaco,28.786656085255263,28.786656085255263,29.36238920696037,2.0000000000000027,-0.4292278381710313,False
580,2016,4,Chubut,36.07290546427898,36.07290546427898,36.79436357356456,1.9999999999999956,-0.29240680510382866,False
581,2016,4,Córdoba,57.696719154378975,57.696719154378975,58.850653537466556,2.000000000000002,-0.9393222127294099,False
582,2016,4,Corrientes,30.98107037649768,30.98107037649768,31.600691784027635,2.000000000000005,-0.27620556939098595,False
583,2016,4,Entre Ríos,45.208402854677,45.208402854677,46.11257091177054,2.0000000000000058,-0.49903670459124916,False
584,2016,4,Formosa,19.84823607816392,19.84823607816392,20.2452007997272,2.0000000000000027,6.4836195699235155,True
585,2016,4,Jujuy,22.651387008241425,22.651387008241425,23.104414748406253,1.9999999999999967,0.20452301471625134,False
586,2016,4,La Pampa,63.016182768654026,63.016182768654026,64.2765064240271,1.9999999999999962,2.0806094025353827,True
587,2016,4,La Rioja,16.45531638401623,16.45531638401623,16.784422711696553,2.0000000000000027,-3.6266981689309086,False
588,2016,4,Mendoza,32.10735338479002,32.10735338479002,32.74950045248582,2.000000000000006,0.05919448612152767,False
589,2016,4,Misiones,29.720149807797423,29.720149807797423,30.314552803953372,2.000000000000003,-0.6194067165321449,False
590,2016,4,Neuquén,60.873667228199054,60.873667228199054,62.09114057276304,2.0000000000000058,1.0941093931778,False
591,2016,4,Río Negro,46.38521035065572,46.38521035065572,47.31291455766883,2.0000000000000004,-0.0059390651911406245,False
592,2016,4,Salta,32.69411973937546,32.69411973937546,33.34800213416297,1.9999999999999987,-0.7941293800039162,False
593,2016,4,San Juan,27.292421452197058,27.292421452197058,27.838269881241,2.0000000000000067,-0.0904402709359653,False
594,2016,4,San Luis,9.640682435370556,9.640682435370556,9.833496084077966,1.9999999999999944,0.10531858873092936,False
595,2016,4,Santa Cruz,27.04676021484584,27.04676021484584,27.587695419142758,2.0000000000000053,0.7883611989183859,False
596,2016,4,Santa Fe,52.19105023718895,52.19105023718895,53.23487124193274,2.0000000000000084,-0.9133861600568616,False
597,2016,4,Santiago Del Estero,15.067847510433346,15.067847510433346,15.369204460642013,2.000000000000004,-1.707795849691529,False
598,2016,4,Tierra Del Fuego,70.30526590539473,70.30526590539473,71.71137122350262,1.9999999999999938,1.97963978073612,False
599,2016,4,Tucumán,37.9807622036193,37.9807622036193,38.740377447691685,1.9999999999999991,0.2200648960143825,False
552,2017,1,Buenos Aires,58.57400244920328,58.57400244920328,59.74548249818734,2.0,-4.348029654953722,False
553,2017,1,Capital Federal,108.36920836560806,108.36920836560806,110.53659253292022,2.0000000000000027,-10.164957307706835,False
554,2017,1,Catamarca,25.659350838021503,25.659350838021503,26.172537854781933,1.9999999999999991,-3.331000932953976,False
555,2017,1,Chaco,28.62166053842791,28.62166053842791,29.19409374919647,2.0000000000000004,-0.573166769834943,False
556,2017,1,Chubut,35.662220237763016,35.662220237763016,36.375464642518274,1.9999999999999942,-1.1384866875296384,False
557,2017,1,Córdoba,57.65332959287443,57.65332959287443,58.806396184731916,1.9999999999999993,-0.07520282286493929,False
558,2017,1,Corrientes,30.940600109644144,30.940600109644144,31.559412111837027,1.9999999999999987,-0.13062901430364038,False
559,2017,1,Entre Ríos,44.907273687041226,44.907273687041226,45.80541916078205,2.0000000000000027,-0.666091143727765,False
560,2017,1,Formosa,19.842489178645863,19.842489178645863,20.23933896221878,2.000000000000004,-0.02895420779673863,False
561,2017,1,Jujuy,22.756985962232346,22.756985962232346,23.212125681476994,2.0000000000000075,0.46619199942370404,False
562,2017,1,La Pampa,62.66928104575163,62.66928104575163,63.922666666666665,2.0000000000000004,-0.5504962497902222,False
563,2017,1,La Rioja,16.19552414605418,16.19552414605418,16.51943462897526,1.9999999999999925,-1.5787738861976375,False
564,2017,1,Mendoza,31.843012770179666,31.843012770179666,32.47987302558326,2.0000000000000013,-0.8233024112650034,False
565,2017,1,Misiones,29.522202363131044,29.522202363131044,30.112646410393666,2.000000000000004,-0.66603784283229,False
566,2017,1,Neuquén,61.02302006782746,61.02302006782746,62.24348046918401,1.9999999999999967,0.2453488452872854,False
567,2017,1,Río Negro,46.02953874119518,46.02953874119518,46.95012951601909,2.000000000000007,-0.7667780457861095,False
568,2017,1,Salta,32.57548931482305,32.57548931482305,33.22699910111952,2.0000000000000124,-0.3628494221532219,False
569,2017,1,San Juan,27.03676098842391,27.03676098842391,27.57749620819239,2.0000000000000018,-0.9367452580964275,False
570,2017,1,San Luis,9.545500193678896,9.545500193678896,9.736410197552473,1.9999999999999967,-0.9872977595698718,False
571,2017,1,Santa Cruz,26.52499173785465,26.52499173785465,27.055491572611743,2.0000000000000053,-1.9291348495957594,False
572,2017,1,Santa Fe,51.970107692080425,51.970107692080425,53.00950984592203,1.999999999999997,-0.423334161900224,False
573,2017,1,Santiago Del Estero,14.702119493368588,14.702119493368588,14.99616188323596,1.9999999999999976,-2.4272081119185662,False
574,2017,1,Tierra Del Fuego,68.91974851288131,68.91974851288131,70.29814348313894,2.0000000000000067,-1.9707163818679319,False
575,2017,1,Tucumán,37.90016075894098,37.90016075894098,38.658163974119795,1.9999999999999944,-0.2122165012018673,False
528,2017,2,Buenos Aires,56.27214416169132,56.27214416169132,57.39758704492515,2.000000000000007,-3.9298292608707763,False
529,2017,2,Capital Federal,124.06139375642525,124.06139375642525,126.54262163155376,2.0000000000000044,14.480298995888251,True
530,2017,2,Catamarca,25.97712106768351,25.97712106768351,26.49666348903718,1.999999999999998,1.2384188191976397,False
531,2017,2,Chaco,29.045524775453423,29.045524775453423,29.626435270962492,2.000000000000004,1.4809211941299694,False
532,2017,2,Chubut,35.54601117914412,35.54601117914412,36.256931402727,1.9999999999999982,-0.32586041430994195,False
533,2017,2,Córdoba,58.973528908003566,58.973528908003566,60.15299948616364,1.9999999999999998,2.2898925776739576,True
534,2017,2,Corrientes,31.38612136835505,31.38612136835505,32.01384379572215,2.000000000000009,1.4399244265854927,False
535,2017,2,Entre Ríos,45.38933102824724,45.38933102824724,46.29711764881219,2.000000000000008,1.073450471666293,False
536,2017,2,Formosa,19.965076445261992,19.965076445261992,20.364377974167233,2.000000000000005,0.6178018569769739,False
537,2017,2,Jujuy,22.403415894624064,22.403415894624064,22.851484212516546,2.0000000000000004,-1.5536770475451767,False
538,2017,2,La Pampa,63.49352648099681,63.49352648099681,64.76339701061676,2.0000000000000115,1.3152303991543102,False
539,2017,2,La Rioja,16.203445806143563,16.203445806143563,16.527514722266435,2.000000000000006,0.04891265029736136,False
540,2017,2,Mendoza,31.75860536139077,31.75860536139077,32.39377746861859,2.000000000000004,-0.2650735638555557,False
541,2017,2,Misiones,30.089248025085933,30.089248025085933,30.69103298558765,1.9999999999999967,1.9207430901667655,False
542,2017,2,Neuquén,61.91013427666159,61.91013427666159,63.14833696219482,1.9999999999999993,1.453736979664555,False
543,2017,2,Río Negro,46.02080512293318,46.02080512293318,46.94122122539185,2.0000000000000067,-0.018973942604783023,False
544,2017,2,Salta,32.739420263626215,32.739420263626215,33.39420866889874,2.000000000000007,0.5032340334748753,False
545,2017,2,San Juan,26.96461612024698,26.96461612024698,27.50390844265192,2.0000000000000004,-0.26683990810815184,False
546,2017,2,San Luis,9.513970314868304,9.513970314868304,9.70424972116567,1.9999999999999973,-0.330311436497277,False
547,2017,2,Santa Cruz,26.248619828709558,26.248619828709558,26.77359222528375,2.000000000000004,-1.0419302364972016,False
548,2017,2,Santa Fe,52.26961123969867,52.26961123969867,53.31500346449264,1.9999999999999967,0.5762996478529292,False
549,2017,2,Santiago Del Estero,14.118988073971998,14.118988073971998,14.401367835451438,2.000000000000001,-3.9663085289138866,False
550,2017,2,Tierra Del Fuego,68.46322075955756,68.46322075955756,69.83248517474871,2.000000000000004,-0.6624048450183051,False
551,2017,2,Tucumán,38.18623365639289,38.18623365639289,38.949958329520754,2.0000000000000075,0.7548065541765014,False
504,2017,3,Buenos Aires,55.62938339533962,55.62938339533962,56.74197106324642,2.000000000000003,-1.142236138194419,False
505,2017,3,Capital Federal,121.85832590969336,121.85832590969336,124.29549242788723,1.9999999999999958,-1.7757884060671247,False
506,2017,3,Catamarca,32.49092567790524,32.49092567790524,33.14074419146334,1.9999999999999931,25.075159765587497,True
507,2017,3,Chaco,29.975925647657625,29.975925647657625,30.57544416061078,2.000000000000003,3.20325034371729,True
508,2017,3,Chubut,46.21537746651841,46.21537746651841,47.139685015848784,2.0000000000000084,30.01564995184136,True
509,2017,3,Córdoba,62.30700225296333,62.30700225296333,63.5531422980226,2.000000000000006,5.652490883087324,True
510,2017,3,Corrientes,32.16543574593796,32.16543574593796,32.80874446085672,2.000000000000002,2.4829903906783857,True
511,2017,3,Entre Ríos,45.95812167017718,45.95812167017718,46.87728410358072,1.9999999999999976,1.2531373101224208,False
512,2017,3,Formosa,21.35038438007076,21.35038438007076,21.777392067672178,2.0000000000000098,6.9386558003263765,True
513,2017,3,Jujuy,22.64536299508256,22.64536299508256,23.09827025498421,1.9999999999999951,1.0799562959350029,False
514,2017,3,La Pampa,69.13993701142644,69.13993701142644,70.52273575165496,1.9999999999999918,8.892891674743497,True
515,2017,3,La Rioja,51.46525230494696,51.46525230494696,52.4945573510459,2.0000000000000027,217.6191837259321,True
516,2017,3,Mendoza,35.70493177720565,35.70493177720565,36.41903041274976,1.9999999999999956,12.426006655230726,True
517,2017,3,Misiones,30.205990933031902,30.205990933031902,30.81011075169254,2.000000000000002,0.38798878539150206,False
518,2017,3,Neuquén,60.8304131050389,60.8304131050389,62.04702136713968,1.9999999999999991,-1.7440136162484632,False
519,2017,3,Río Negro,48.51865893950063,48.51865893950063,49.489032118290645,1.9999999999999998,5.427662140840539,True
520,2017,3,Salta,39.839700806907416,39.839700806907416,40.63649482304557,2.0000000000000058,21.68725190033274,True
521,2017,3,San Juan,32.36688935995978,32.36688935995978,33.01422714715898,2.000000000000009,20.03467512988766,True
522,2017,3,San Luis,15.477861790298098,15.477861790298098,15.787419026104061,2.000000000000007,62.68562206999431,True
523,2017,3,Santa Cruz,33.29182971658959,33.29182971658959,33.95766631092138,2.000000000000004,26.83268657111062,True
524,2017,3,Santa Fe,60.90635563451515,60.90635563451515,62.124482747205455,2.0000000000000018,16.523452518538907,True
525,2017,3,Santiago Del Estero,35.12104488438485,35.12104488438485,35.823465782072546,1.9999999999999938,148.75043948177574,True
526,2017,3,Tierra Del Fuego,65.74180473434595,65.74180473434595,67.05664082903287,2.000000000000009,-3.975004381942837,False
527,2017,3,Tucumán,39.69537916123259,39.69537916123259,40.48928674445724,1.9999999999999998,3.9520669108644713,True
480,2017,4,Buenos Aires,57.609615290258205,57.609615290258205,58.76180759606337,2.0000000000000027,3.559686938907314,True
481,2017,4,Capital Federal,122.89742418734993,122.89742418734993,125.35537267109693,2.000000000000004,0.8527101204612197,False
482,2017,4,Catamarca,28.620950093924897,28.620950093924897,29.193369095803394,1.999999999999998,-11.910942834762128,False
483,2017,4,Chaco,30.808158111236537,30.808158111236537,31.424321273461267,1.9999999999999973,2.7763361617623383,True
484,2017,4,Chubut,51.46309626749354,51.46309626749354,52.49235819284341,2.000000000000001,11.35491926854202,True
485,2017,4,Córdoba,63.33262565207773,63.33262565207773,64.59927816511929,2.0000000000000027,1.6460804757552294,False
486,2017,4,Corrientes,32.51511831118755,32.51511831118755,33.1654206774113,1.9999999999999913,1.0871376592302084,False
487,2017,4,Entre Ríos,47.885245293746834,47.885245293746834,48.842950199621775,2.000000000000009,4.193216679741263,True
488,2017,4,Formosa,21.27097668924972,21.27097668924972,21.696396223034718,2.0000000000000093,-0.37192628201655475,False
489,2017,4,Jujuy,22.742083716267025,22.742083716267025,23.196925390592366,2.0,0.42711049147441393,False
490,2017,4,La Pampa,71.04976106378558,71.04976106378558,72.4707562850613,2.000000000000008,2.762258883810542,True
491,2017,4,La Rioja,51.56847440546175,51.56847440546175,52.599843893570984,1.9999999999999991,0.2005665879245555,False
492,2017,4,Mendoza,33.32562553415048,33.32562553415048,33.992138044833496,2.0000000000000107,-6.663802798733087,False
493,2017,4,Misiones,31.14218485379854,31.14218485379854,31.76502855087451,2.0000000000000027,3.099365032725543,True
494,2017,4,Neuquén,61.24232317785096,61.24232317785096,62.467169641407985,2.000000000000004,0.677144953957165,False
495,2017,4,Río Negro,49.37562976824529,49.37562976824529,50.363142363610194,1.9999999999999976,1.7662706420085605,False
496,2017,4,Salta,39.79624247145896,39.79624247145896,40.59216732088814,1.9999999999999944,-0.10908298648899528,False
497,2017,4,San Juan,30.29992919128174,30.29992919128174,30.905927775107376,1.9999999999999991,-6.386032793237828,False
498,2017,4,San Luis,10.586731069754228,10.586731069754228,10.798465691149312,2.0000000000000004,-31.60081661673546,False
499,2017,4,Santa Cruz,28.912492882806827,28.912492882806827,29.490742740462963,1.999999999999998,-13.154389143113098,False
500,2017,4,Santa Fe,61.7127712196729,61.7127712196729,62.94702664406636,2.000000000000003,1.3240253447388328,False
501,2017,4,Santiago Del Estero,29.126386109501063,29.126386109501063,29.708913831691085,2.0000000000000036,-17.068566139241128,False
502,2017,4,Tierra Del Fuego,59.89413596263622,59.89413596263622,61.092018681888945,2.000000000000001,-8.894901494322216,False
503,2017,4,Tucumán,39.8968735176797,39.8968735176797,40.694810988033296,2.000000000000003,0.5076015412995405,False
456,2018,1,Buenos Aires,62.62621166168454,62.62621166168454,63.878735894918236,2.0000000000000036,8.707915069647498,True
457,2018,1,Capital Federal,106.23567174586836,106.23567174586836,108.36038518078573,2.0000000000000004,-13.557446424655495,False
458,2018,1,Catamarca,32.79361613741535,32.79361613741535,33.44948846016366,2.000000000000005,14.579061945173311,True
459,2018,1,Chaco,30.829927645702472,30.829927645702472,31.44652619861652,1.999999999999997,0.07066159030777452,False
460,2018,1,Chubut,53.71560488248906,53.71560488248906,54.78991698013884,1.9999999999999991,4.376939551572034,True
461,2018,1,Córdoba,63.51716965201617,63.51716965201617,64.7875130450565,2.000000000000007,0.2913885190111154,False
462,2018,1,Corrientes,32.66346087317512,32.66346087317512,33.31673009063862,2.000000000000002,0.4562264254057036,False
463,2018,1,Entre Ríos,48.68120241785722,48.68120241785722,49.65482646621437,2.000000000000001,1.6622179112327329,False
464,2018,1,Formosa,21.40431025921144,21.40431025921144,21.832396464395668,2.0000000000000018,0.6268333227458456,False
465,2018,1,Jujuy,23.12126087567753,23.12126087567753,23.583686093191083,2.0000000000000044,1.6672929540721304,False
466,2018,1,La Pampa,71.75163692275797,71.75163692275797,73.18666966121313,2.0000000000000058,0.9878651925968818,False
467,2018,1,La Rioja,51.44351011244806,51.44351011244806,52.47238031469702,1.999999999999998,-0.24232691475638557,False
468,2018,1,Mendoza,37.07215110240331,37.07215110240331,37.81359412445138,2.0000000000000013,11.242176277872318,True
469,2018,1,Misiones,30.95673588446963,30.95673588446963,31.575870602159025,2.000000000000007,-0.5954911969071053,False
470,2018,1,Neuquén,61.517390351563726,61.517390351563726,62.747738158595,1.9999999999999962,0.44914555725450445,False
471,2018,1,Río Negro,49.816861312232405,49.816861312232405,50.81319853847705,2.000000000000001,0.8936221088381657,False
472,2018,1,Salta,39.7755916329188,39.7755916329188,40.571103465577174,2.000000000000003,-0.05189142807885405,False
473,2018,1,San Juan,32.60917745169287,32.60917745169287,33.26136100072673,2.0,7.621299197872622,True
474,2018,1,San Luis,15.14879034827491,15.14879034827491,15.451766155240408,2.0000000000000044,43.09223733428218,True
475,2018,1,Santa Cruz,33.55275989857616,33.55275989857616,34.22381509654769,2.000000000000009,16.049349444124637,True
476,2018,1,Santa Fe,62.28199844300957,62.28199844300957,63.52763841186976,1.9999999999999962,0.9223815623356835,False
477,2018,1,Santiago Del Estero,34.9882694482421,34.9882694482421,35.68803483720694,1.9999999999999998,20.125680256737667,True
478,2018,1,Tierra Del Fuego,65.19963702359347,65.19963702359347,66.50362976406534,2.0000000000000004,8.858131060220952,True
479,2018,1,Tucumán,41.17600938886616,41.17600938886616,41.99952957664349,2.0000000000000075,3.2061055376171987,True
432,2018,2,Buenos Aires,62.78226651094991,62.78226651094991,64.0379118411689,1.9999999999999973,0.24918455886873137,False
433,2018,2,Capital Federal,106.53494128146691,106.53494128146691,108.66564010709625,1.9999999999999998,0.2817034341482394,False
434,2018,2,Catamarca,32.8575008674866,32.8575008674866,33.514650884836335,2.0000000000000107,0.19480843406702864,False
435,2018,2,Chaco,31.25170499603489,31.25170499603489,31.876739095955585,1.9999999999999973,1.368077652271782,False
436,2018,2,Chubut,54.90230333735512,54.90230333735512,56.000349404102224,1.9999999999999993,2.2092247820016953,True
437,2018,2,Córdoba,63.2743661231958,63.2743661231958,64.53985344565972,2.0000000000000044,-0.38226440213030566,False
438,2018,2,Corrientes,33.80975390881165,33.80975390881165,34.485948986987886,2.000000000000006,3.5094047139931916,True
439,2018,2,Entre Ríos,49.20261187052838,49.20261187052838,50.186664107938945,1.999999999999997,1.0710693795022097,False
440,2018,2,Formosa,29.434226520797,29.434226520797,30.02291105121294,1.999999999999998,37.51541705544963,True
441,2018,2,Jujuy,23.432202729854477,23.432202729854477,23.900846784451566,1.9999999999999973,1.3448308716763835,False
442,2018,2,La Pampa,71.04033787278055,71.04033787278055,72.46114463023616,1.9999999999999958,-0.991334944376443,False
443,2018,2,La Rioja,50.97789073923241,50.97789073923241,51.997448554017055,1.9999999999999991,-0.9051080927368171,False
444,2018,2,Mendoza,36.97287272406129,36.97287272406129,37.712330178542516,2.0,-0.26779772791653,False
445,2018,2,Misiones,31.630907682221824,31.630907682221824,32.26352583586626,2.0000000000000004,2.177787090564709,True
446,2018,2,Neuquén,60.23679161402031,60.23679161402031,61.44152744630072,1.9999999999999993,-2.0816857318312176,False
447,2018,2,Río Negro,50.1478946239634,50.1478946239634,51.15085251644267,1.9999999999999958,0.6645005385951697,False
448,2018,2,Salta,39.93719209989731,39.93719209989731,40.73593594189526,2.0000000000000018,0.4062804859570557,False
449,2018,2,San Juan,32.94664884868421,32.94664884868421,33.6055818256579,2.0000000000000107,1.0348969933119845,False
450,2018,2,San Luis,15.150424491351384,15.150424491351384,15.45343298117841,1.9999999999999962,0.010787284257718355,False
451,2018,2,Santa Cruz,33.33236451006607,33.33236451006607,33.9990118002674,2.000000000000012,-0.6568621752019999,False
452,2018,2,Santa Fe,62.57079239957442,62.57079239957442,63.82220824756591,1.9999999999999998,0.4636876846993099,False
453,2018,2,Santiago Del Estero,35.25646421116424,35.25646421116424,35.961593495387525,1.9999999999999933,0.7665276595599568,False
454,2018,2,Tierra Del Fuego,91.60519629538562,91.60519629538562,93.43730022129334,2.0000000000000044,40.499549502456446,True
455,2018,2,Tucumán,41.512563170017415,41.512563170017415,42.342814433417765,2.000000000000002,0.817354051901531,False
408,2018,3,Buenos Aires,64.44056759752046,64.44056759752046,65.72937894947087,2.0000000000000084,2.641352691976029,True
409,2018,3,Capital Federal,108.44591411021922,108.44591411021922,110.61483239242361,2.0000000000000027,1.793752177234964,False
410,2018,3,Catamarca,32.91594537411041,32.91594537411041,33.57426428159262,2.0000000000000107,0.17787264728230667,False
411,2018,3,Chaco,32.283100833077576,32.283100833077576,32.92876284973913,2.0000000000000067,3.300286615317627,True
412,2018,3,Chubut,56.39174585226903,56.39174585226903,57.519580769314416,2.0000000000000053,2.712896225431227,True
413,2018,3,Córdoba,64.24210026029336,64.24210026029336,65.52694226549923,2.000000000000011,1.5294252576365075,False
414,2018,3,Corrientes,34.24993887383215,34.24993887383215,34.93493765130879,2.000000000000001,1.301946669614118,False
415,2018,3,Entre Ríos,50.22201385837749,50.22201385837749,51.22645413554504,2.0000000000000075,2.0718452722216396,True
416,2018,3,Formosa,29.576573428878444,29.576573428878444,30.16810489745601,1.9999999999999958,0.48361015357705206,False
417,2018,3,Jujuy,23.26370013719552,23.26370013719552,23.72897413993943,2.0000000000000018,-0.7191069256338944,False
418,2018,3,La Pampa,71.75023651844843,71.75023651844843,73.1852412488174,2.0000000000000067,0.9992895120222611,False
419,2018,3,La Rioja,50.73304318059562,50.73304318059562,51.74770404420754,2.0000000000000058,-0.48030147008093493,False
420,2018,3,Mendoza,37.990597267996215,37.990597267996215,38.75040921335614,2.00000000000001,2.7526250165370802,True
421,2018,3,Misiones,32.10366641805902,32.10366641805902,32.7457397464202,1.9999999999999927,1.4946100838671539,False
422,2018,3,Neuquén,60.48661674396911,60.48661674396911,61.69634907884849,2.0000000000000027,0.41473844017059225,False
423,2018,3,Río Negro,50.54264808703746,50.54264808703746,51.553501048778216,2.0000000000000067,0.7871785366746487,False
424,2018,3,Salta,39.42741342068409,39.42741342068409,40.215961689097774,2.000000000000007,-1.2764509781711286,False
425,2018,3,San Juan,33.05141650392377,33.05141650392377,33.71244483400224,1.9999999999999927,0.3179918410540772,False
426,2018,3,San Luis,52.35311497551916,52.35311497551916,53.40017727502955,2.0000000000000067,245.5554331524171,True
427,2018,3,Santa Cruz,32.72785029455932,32.72785029455932,33.3824073004505,1.9999999999999956,-1.8135953581216668,False
428,2018,3,Santa Fe,63.4096146162309,63.4096146162309,64.67780690855551,1.9999999999999927,1.340597081302386,False
429,2018,3,Santiago Del Estero,36.24961697805127,36.24961697805127,36.9746093176123,2.0000000000000036,2.8169380824425883,True
430,2018,3,Tierra Del Fuego,92.77191839394062,92.77191839394062,94.62735676181944,2.000000000000006,1.273641830090999,False
431,2018,3,Tucumán,41.68101359528755,41.68101359528755,42.514633867193304,2.0,0.40578179810346615,False
384,2018,4,Buenos Aires,64.60284663484316,64.60284663484316,65.89490356754003,2.0000000000000044,0.2518274487218308,False
385,2018,4,Capital Federal,108.27314997057414,108.27314997057414,110.43861296998563,2.0000000000000053,-0.1593090353496307,False
386,2018,4,Catamarca,32.225346166025346,32.225346166025346,32.86985308934585,1.9999999999999973,-2.0980688849612794,False
387,2018,4,Chaco,32.59096087632982,32.59096087632982,33.24278009385641,1.999999999999992,0.9536260003153219,False
388,2018,4,Chubut,42.61093609604538,42.61093609604538,43.463154817966284,1.9999999999999958,-24.43763630288307,False
389,2018,4,Córdoba,65.08926459112368,65.08926459112368,66.39104988294615,1.9999999999999931,1.3187058446062938,False
390,2018,4,Corrientes,34.56627656869549,34.56627656869549,35.257602100069406,2.000000000000009,0.9236153560117311,False
391,2018,4,Entre Ríos,54.37477348639939,54.37477348639939,55.46226895612738,2.0000000000000044,8.268803476762976,True
392,2018,4,Formosa,29.73653915732,29.73653915732,30.3312699404664,1.9999999999999982,0.5408528098301169,False
393,2018,4,Jujuy,46.53226639132679,46.53226639132679,47.46291171915333,2.0000000000000075,100.02091720967452,True
394,2018,4,La Pampa,73.49404828314209,73.49404828314209,74.96392924880493,1.9999999999999956,2.4303916604446085,True
395,2018,4,La Rioja,50.347993917417234,50.347993917417234,51.35495379576558,2.000000000000005,-0.7589713508959428,False
396,2018,4,Mendoza,37.757783845911696,37.757783845911696,38.51293952282993,2.000000000000004,-0.612818536234605,False
397,2018,4,Misiones,34.4507488777944,34.4507488777944,35.13976385535029,1.999999999999992,7.3109483171526435,True
398,2018,4,Neuquén,59.06916926636779,59.06916926636779,60.250552651695145,2.0000000000000036,-2.3434067797198255,False
399,2018,4,Río Negro,51.86140345426057,51.86140345426057,52.89863152334578,1.9999999999999962,2.609193259823117,True
400,2018,4,Salta,39.80161006973815,39.80161006973815,40.59764227113292,2.000000000000007,0.9490773464174485,False
401,2018,4,San Juan,31.89625207025579,31.89625207025579,32.53417711166091,2.0000000000000084,-3.495052726502179,False
402,2018,4,San Luis,67.55045369760039,67.55045369760039,68.9014627715524,2.000000000000009,29.028528157661015,True
403,2018,4,Santa Cruz,23.68919410065612,23.68919410065612,24.162977982669243,2.0000000000000027,-27.6176287551822,False
404,2018,4,Santa Fe,65.58706886191564,65.58706886191564,66.89881023915396,2.000000000000011,3.4339496602576514,True
405,2018,4,Santiago Del Estero,37.40072595129344,37.40072595129344,38.14874047031931,2.0000000000000098,3.1755065824258244,True
406,2018,4,Tierra Del Fuego,93.59257086207944,93.59257086207944,95.46442227932103,1.9999999999999976,0.8845914608061056,False
407,2018,4,Tucumán,41.75796963877769,41.75796963877769,42.59312903155324,1.999999999999995,0.18463093109337692,False
360,2019,1,Buenos Aires,66.24255522736811,66.24255522736811,67.56740633191548,2.0000000000000018,2.538136750835651,True
361,2019,1,Capital Federal,109.19616455883845,109.19616455883845,111.38008785001522,1.9999999999999993,0.8524870556690711,False
362,2019,1,Catamarca,32.190488956121285,32.190488956121285,32.83429873524371,2.000000000000007,-0.1081670611836949,False
363,2019,1,Chaco,32.635876579429485,32.635876579429485,33.28859411101808,2.000000000000009,0.1378164432466633,False
364,2019,1,Chubut,42.99773633717796,42.99773633717796,43.85769106392152,2.000000000000001,0.9077487531856443,False
365,2019,1,Córdoba,65.5173840768055,65.5173840768055,66.82773175834161,2.000000000000007,0.657742084460744,False
366,2019,1,Corrientes,35.13498688698812,35.13498688698812,35.83768662472789,2.0000000000000027,1.645275033202953,False
367,2019,1,Entre Ríos,56.78815996169284,56.78815996169284,57.9239231609267,2.0,4.438430398054161,True
368,2019,1,Formosa,29.67769463043193,29.67769463043193,30.27124852304057,2.0000000000000027,-0.19788626570413914,False
369,2019,1,Jujuy,46.40843874036665,46.40843874036665,47.33660751517398,1.9999999999999987,-0.2661113686549865,False
370,2019,1,La Pampa,76.35457433780647,76.35457433780647,77.8816658245626,2.0000000000000067,3.8921873559665032,True
371,2019,1,La Rioja,50.184587883262736,50.184587883262736,51.188279640927995,2.000000000000007,-0.32455321739833787,False
372,2019,1,Mendoza,37.657164970282864,37.657164970282864,38.41030826968852,2.0,-0.2664851200998797,False
373,2019,1,Misiones,36.25716826552349,36.25716826552349,36.98231163083396,2.0000000000000075,5.243483658764325,True
374,2019,1,Neuquén,58.87800433437489,58.87800433437489,60.05556442106239,2.0000000000000027,-0.3236289495300859,False
375,2019,1,Río Negro,53.57164978100252,53.57164978100252,54.64308277662257,1.9999999999999993,3.2977247294325718,True
376,2019,1,Salta,40.09834441771615,40.09834441771615,40.90031130607047,1.9999999999999973,0.7455335285634801,False
377,2019,1,San Juan,31.833058053465464,31.833058053465464,32.46971921453478,2.0000000000000107,-0.19812364365296986,False
378,2019,1,San Luis,67.3379373977716,67.3379373977716,68.68469614572703,2.0000000000000027,-0.314603808258862,False
379,2019,1,Santa Cruz,23.66765499676892,23.66765499676892,24.1410080967043,2.000000000000008,-0.09092375112331741,False
380,2019,1,Santa Fe,66.97409094791476,66.97409094791476,68.31357276687305,1.9999999999999931,2.1147798034995224,True
381,2019,1,Santiago Del Estero,37.51941674600391,37.51941674600391,38.269805080923994,2.0000000000000098,0.31734890618178024,False
382,2019,1,Tierra Del Fuego,93.37581922721242,93.37581922721242,95.24333561175666,1.999999999999997,-0.23159064108457805,False
383,2019,1,Tucumán,41.63074443134759,41.63074443134759,42.463359319974536,1.9999999999999942,-0.30467287689187605,False
336,2019,2,Buenos Aires,67.84713982374198,67.84713982374198,69.20408262021682,2.0000000000000004,2.4222866869588078,True
337,2019,2,Capital Federal,110.54556699485232,110.54556699485232,112.75647833474937,2.0000000000000053,1.235759920200108,False
338,2019,2,Catamarca,32.13095022019278,32.13095022019278,32.773569224596635,1.999999999999998,-0.18495753826437422,False
339,2019,2,Chaco,34.14026097986763,34.14026097986763,34.82306619946498,2.000000000000009,4.609603167167142,True
340,2019,2,Chubut,46.98798413626923,46.98798413626923,47.92774381899462,2.0000000000000067,9.280134581506116,True
341,2019,2,Córdoba,68.07130938789848,68.07130938789848,69.43273557565645,2.0000000000000018,3.8980880373658433,True
342,2019,2,Corrientes,38.15558588418795,38.15558588418795,38.918697601871706,1.9999999999999927,8.597125728026022,True
343,2019,2,Entre Ríos,57.47823458872391,57.47823458872391,58.62779928049839,2.000000000000002,1.2151734225876787,False
344,2019,2,Formosa,30.418236006943307,30.418236006943307,31.026600727082172,1.9999999999999991,2.4952793191423073,True
345,2019,2,Jujuy,44.511922790626045,44.511922790626045,45.40216124643857,2.0000000000000027,-4.086575634122747,False
346,2019,2,La Pampa,77.08313750288404,77.08313750288404,78.62480025294172,2.0000000000000018,0.9541840438455962,False
347,2019,2,La Rioja,48.70493914424316,48.70493914424316,49.67903792712803,2.0000000000000058,-2.9484126530269994,False
348,2019,2,Mendoza,40.754624235362655,40.754624235362655,41.56971672006991,2.0000000000000107,8.22541810442754,True
349,2019,2,Misiones,39.14612554169944,39.14612554169944,39.92904805253343,2.000000000000006,7.967961686966674,True
350,2019,2,Neuquén,63.0809643276744,63.0809643276744,64.34258361422789,2.0000000000000027,7.138421284509611,True
351,2019,2,Río Negro,61.0942074999118,61.0942074999118,62.31609164991004,2.0000000000000044,14.042049758894892,True
352,2019,2,Salta,41.89319832036978,41.89319832036978,42.731062286777174,2.000000000000004,4.47612969741622,True
353,2019,2,San Juan,35.59971733748176,35.59971733748176,36.3117116842314,1.999999999999997,11.832539863716441,True
354,2019,2,San Luis,81.789994425864,81.789994425864,83.42579431438128,2.000000000000004,21.46198352159605,True
355,2019,2,Santa Cruz,28.846063055322123,28.846063055322123,29.422984316428565,1.9999999999999976,21.87968372557465,True
356,2019,2,Santa Fe,67.42291993321949,67.42291993321949,68.77137833188388,2.000000000000002,0.6701531576647657,False
357,2019,2,Santiago Del Estero,52.78997126317105,52.78997126317105,53.84577068843447,2.000000000000004,40.70040486115381,True
358,2019,2,Tierra Del Fuego,94.79803428023492,94.79803428023492,96.69399496583962,2.000000000000008,1.5231085143807999,False
359,2019,2,Tucumán,40.13604621420884,40.13604621420884,40.93876713849302,2.0000000000000093,-3.5903711008666295,False
312,2019,3,Buenos Aires,69.35630106079125,69.35630106079125,70.74342708200707,1.9999999999999933,2.2243549852946964,True
313,2019,3,Capital Federal,112.6453878037209,112.6453878037209,114.89829555979532,2.000000000000003,1.899507023168412,False
314,2019,3,Catamarca,30.883614526737205,30.883614526737205,31.50128681727195,2.000000000000004,-3.8820379880072253,False
315,2019,3,Chaco,35.8460309754608,35.8460309754608,36.562951594970016,2.0000000000000036,4.996358980966953,True
316,2019,3,Chubut,47.56624162293312,47.56624162293312,48.51756645539178,1.9999999999999944,1.2306497018192752,False
317,2019,3,Córdoba,68.59234901069021,68.59234901069021,69.96419599090402,1.9999999999999982,0.7654320557029859,False
318,2019,3,Corrientes,38.48535113586719,38.48535113586719,39.25505815858453,1.9999999999999933,0.8642646785195884,False
319,2019,3,Entre Ríos,57.90009945796624,57.90009945796624,59.058101447125566,1.9999999999999982,0.7339558569620541,False
320,2019,3,Formosa,30.11243299777749,30.11243299777749,30.71468165773304,1.999999999999998,-1.0053278865218007,False
321,2019,3,Jujuy,44.322486842913605,44.322486842913605,45.20893657977188,2.0000000000000058,-0.4255847328894391,False
322,2019,3,La Pampa,77.45269423291748,77.45269423291748,79.00174811757583,1.9999999999999993,0.4794261650540754,False
323,2019,3,La Rioja,47.94290512174643,47.94290512174643,48.90176322418136,2.000000000000005,-1.564592905536577,False
324,2019,3,Mendoza,40.73714258735342,40.73714258735342,41.55188543910049,2.000000000000004,-0.04289488208326642,False
325,2019,3,Misiones,39.33292986744382,39.33292986744382,40.1195884647927,1.9999999999999973,0.4771974829166581,False
326,2019,3,Neuquén,64.13887269491578,64.13887269491578,65.4216501488141,2.0000000000000058,1.6770643545429342,False
327,2019,3,Río Negro,63.42470088700958,63.42470088700958,64.69319490474977,2.000000000000006,3.814589766306642,True
328,2019,3,Salta,44.47617792228716,44.47617792228716,45.3657014807329,2.000000000000005,6.165629995983024,True
329,2019,3,San Juan,37.06231303554226,37.06231303554226,37.803559296253106,2.0,4.108447503094581,True
330,2019,3,San Luis,85.22608876849344,85.22608876849344,86.93061054386331,2.000000000000001,4.201118201253795,True
331,2019,3,Santa Cruz,35.62816097885956,35.62816097885956,36.34072419843675,2.0000000000000004,23.511346801573808,True
332,2019,3,Santa Fe,68.87178057593026,68.87178057593026,70.24921618744887,2.000000000000002,2.1489141142890578,True
333,2019,3,Santiago Del Estero,55.30391146854541,55.30391146854541,56.409989697916316,2.0,4.762154904085381,True
334,2019,3,Tierra Del Fuego,96.46210963092378,96.46210963092378,98.39135182354225,1.9999999999999987,1.7553901442403763,False
335,2019,3,Tucumán,39.487600204016815,39.487600204016815,40.27735220809715,1.999999999999995,-1.6156200506926455,False
288,2019,4,Buenos Aires,64.25205288245421,64.25205288245421,65.53709394010329,1.9999999999999958,-7.359458477843472,False
289,2019,4,Capital Federal,106.24546751041056,106.24546751041056,108.37037686061878,2.0000000000000018,-5.681475662778023,False
290,2019,4,Catamarca,36.43842912715547,36.43842912715547,37.167197709698584,2.0000000000000044,17.986283942280256,True
291,2019,4,Chaco,36.835478630342415,36.835478630342415,37.57218820294926,2.0000000000000004,2.7602711596130813,True
292,2019,4,Chubut,51.14501785514712,51.14501785514712,52.16791821225006,1.9999999999999973,7.523773394971278,True
293,2019,4,Córdoba,70.48295566244217,70.48295566244217,71.89261477569102,2.0000000000000093,2.7562937835199364,True
294,2019,4,Corrientes,38.767440989262106,38.767440989262106,39.54278980904735,2.000000000000003,0.7329798093800299,False
295,2019,4,Entre Ríos,57.99221691704514,57.99221691704514,59.152061255386045,2.000000000000001,0.1590972380725697,False
296,2019,4,Formosa,30.471313480544048,30.471313480544048,31.08073975015493,2.000000000000004,1.1918016813621257,False
297,2019,4,Jujuy,45.37754633175065,45.37754633175065,46.28509725838566,1.9999999999999956,2.3804158204758563,True
298,2019,4,La Pampa,76.92418969170417,76.92418969170417,78.46267348553826,2.0000000000000075,-0.6823578526835683,False
299,2019,4,La Rioja,47.13589011052434,47.13589011052434,48.07860791273483,2.000000000000003,-1.6832834997644541,False
300,2019,4,Mendoza,33.64903072027183,33.64903072027183,34.32201133467727,2.000000000000008,-17.399629470531508,False
301,2019,4,Misiones,39.78923684048622,39.78923684048622,40.58502157729594,1.9999999999999938,1.1601143738343422,False
302,2019,4,Neuquén,59.35590092822445,59.35590092822445,60.54301894678894,2.000000000000002,-7.457212086408349,False
303,2019,4,Río Negro,55.70500968287489,55.70500968287489,56.81910987653239,2.000000000000003,-12.17142705629347,False
304,2019,4,Salta,50.35463892238824,50.35463892238824,51.361731700836,1.999999999999997,13.217100197711385,True
305,2019,4,San Juan,32.85497572815534,32.85497572815534,33.512075242718446,2.0000000000000018,-11.352063491968622,False
306,2019,4,San Luis,74.92002603481464,74.92002603481464,76.41842655551093,2.000000000000001,-12.092614928832413,False
307,2019,4,Santa Cruz,36.71136308535834,36.71136308535834,37.44559034706551,2.0000000000000044,3.040297553223459,True
308,2019,4,Santa Fe,69.48235725596862,69.48235725596862,70.87200440108799,1.9999999999999951,0.8865411565266657,False
309,2019,4,Santiago Del Estero,42.92077382358182,42.92077382358182,43.77918930005345,1.9999999999999956,-22.39107020849078,False
310,2019,4,Tierra Del Fuego,79.69536136377089,79.69536136377089,81.28926859104631,2.0000000000000067,-17.381693528479303,False
311,2019,4,Tucumán,47.64902012521289,47.64902012521289,48.60200052771715,2.000000000000003,20.668310758388063,True
264,2020,1,Buenos Aires,64.32563101743429,64.32563101743429,65.61214363778298,2.0000000000000036,0.11451483910511762,False
265,2020,1,Capital Federal,105.98017414181908,105.98017414181908,108.09977762465546,2.0000000000000004,-0.24969852814238358,False
266,2020,1,Catamarca,37.615427687460254,37.615427687460254,38.36773624120946,1.9999999999999925,3.23010236307808,True
267,2020,1,Chaco,37.483833369172615,37.483833369172615,38.23351003655607,2.0000000000000053,1.7601365936809943,False
268,2020,1,Chubut,51.26848941909703,51.26848941909703,52.293859207478974,2.000000000000007,0.24141464628990583,False
269,2020,1,Córdoba,70.6880744339108,70.6880744339108,72.10183592258902,2.000000000000004,0.29101896982157704,False
270,2020,1,Corrientes,38.7290799422309,38.7290799422309,39.503661541075516,2.0000000000000044,-0.09895171322201746,False
271,2020,1,Entre Ríos,56.12006051437216,56.12006051437216,57.242461724659606,1.9999999999999987,-3.228289074292501,False
272,2020,1,Formosa,30.228303962606848,30.228303962606848,30.832870041858985,2.0000000000000018,-0.7975026022175258,False
273,2020,1,Jujuy,46.670230639987786,46.670230639987786,47.60363525278754,1.9999999999999991,2.848731173753749,True
274,2020,1,La Pampa,75.76678781291396,75.76678781291396,77.28212356917224,2.0000000000000027,-1.5046006768856812,False
275,2020,1,La Rioja,46.346631384166976,46.346631384166976,47.27356401185032,2.000000000000006,-1.6744326340432103,False
276,2020,1,Mendoza,33.14207670017271,33.14207670017271,33.804918234176164,2.0000000000000027,-1.5065932338838794,False
277,2020,1,Misiones,39.01834755171205,39.01834755171205,39.798714502746286,1.9999999999999944,-1.9374317026100374,False
278,2020,1,Neuquén,61.84749362355069,61.84749362355069,63.084443496021706,2.0000000000000027,4.197716918388905,True
279,2020,1,Río Negro,55.11566865962362,55.11566865962362,56.217982032816096,2.000000000000001,-1.0579677242789187,False
280,2020,1,Salta,49.59568027012866,49.59568027012866,50.58759387553123,1.9999999999999991,-1.5072268782015619,False
281,2020,1,San Juan,32.392292136304725,32.392292136304725,33.04013797903082,1.9999999999999918,-1.4082603368174573,False
282,2020,1,San Luis,76.30854184641933,76.30854184641933,77.83471268334772,2.0,1.853330658160024,False
283,2020,1,Santa Cruz,35.97427628896549,35.97427628896549,36.6937618147448,2.0000000000000067,-2.0077892359350313,False
284,2020,1,Santa Fe,69.52357940253133,69.52357940253133,70.91405099058196,2.0000000000000053,0.059327501527972615,False
285,2020,1,Santiago Del Estero,42.466359187991806,42.466359187991806,43.315686371751646,2.000000000000009,-1.0587288977076725,False
286,2020,1,Tierra Del Fuego,76.06964979018785,76.06964979018785,77.59104278599162,2.0000000000000107,-4.549463747373461,False
287,2020,1,Tucumán,47.84792325850032,47.84792325850032,48.80488172367033,1.999999999999995,0.41743383759991204,False
240,2020,2,Buenos Aires,65.2205801358229,65.2205801358229,66.52499173853936,1.9999999999999973,1.3912791903215815,False
241,2020,2,Capital Federal,106.41480599073644,106.41480599073644,108.54310211055117,2.0000000000000058,0.4101067510379419,False
242,2020,2,Catamarca,45.43181818181818,45.43181818181818,46.34045454545454,1.9999999999999951,20.779746436230617,True
243,2020,2,Chaco,39.83250279006581,39.83250279006581,40.629152845867125,1.9999999999999976,6.265819714225884,True
244,2020,2,Chubut,57.344613387235526,57.344613387235526,58.49150565498024,2.000000000000001,11.851575962125382,True
245,2020,2,Córdoba,72.71358531242393,72.71358531242393,74.16785701867241,1.9999999999999976,2.865420928118323,True
246,2020,2,Corrientes,40.30476267979574,40.30476267979574,41.11085793339166,1.9999999999999958,4.068474489750762,True
247,2020,2,Entre Ríos,56.538654739709614,56.538654739709614,57.66942783450381,2.000000000000002,0.7458905452004005,False
248,2020,2,Formosa,31.1394362262631,31.1394362262631,31.76222495078836,1.999999999999997,3.014169318871951,True
249,2020,2,Jujuy,47.887810227872784,47.887810227872784,48.84556643243024,1.9999999999999991,2.6088998729776103,True
250,2020,2,La Pampa,76.10158288987562,76.10158288987562,77.62361454767313,2.0000000000000004,0.4418757698799958,False
251,2020,2,La Rioja,49.83993501839552,49.83993501839552,50.83673371876343,2.0000000000000018,7.5373409671839475,True
252,2020,2,Mendoza,36.25224342110005,36.25224342110005,36.97728828952205,2.000000000000006,9.38434470798002,True
253,2020,2,Misiones,40.88779600969606,40.88779600969606,41.705551929889985,2.0000000000000084,4.7912035626480165,True
254,2020,2,Neuquén,63.89846903376432,63.89846903376432,65.17643841443962,2.0000000000000124,3.316181934060869,True
255,2020,2,Río Negro,56.36933524879196,56.36933524879196,57.4967219537678,2.0000000000000027,2.2746101420098475,True
256,2020,2,Salta,51.58158335340357,51.58158335340357,52.61321502047164,1.9999999999999956,4.004185591282261,True
257,2020,2,San Juan,35.09485776365026,35.09485776365026,35.79675491892327,2.000000000000012,8.343236767479457,True
258,2020,2,San Luis,78.4096773527651,78.4096773527651,79.9778708998204,1.9999999999999993,2.7534735371756547,True
259,2020,2,Santa Cruz,35.79262396979603,35.79262396979603,36.50847644919195,1.9999999999999987,-0.5049505866645543,False
260,2020,2,Santa Fe,70.002168637187,70.002168637187,71.40221200993074,1.9999999999999976,0.688384054400748,False
261,2020,2,Santiago Del Estero,43.46716682468362,43.46716682468362,44.336510161177294,1.9999999999999967,2.356706945988485,True
262,2020,2,Tierra Del Fuego,76.36948260742473,76.36948260742473,77.89687225957323,2.000000000000007,0.39415564297176076,False
263,2020,2,Tucumán,51.78074091030483,51.78074091030483,52.81635572851093,2.000000000000005,8.21941138501936,True
216,2020,3,Buenos Aires,67.65618983090923,67.65618983090923,69.00931362752742,2.0000000000000107,3.7344189364984626,True
217,2020,3,Capital Federal,107.6759011657323,107.6759011657323,109.82941918904694,2.0000000000000004,1.185074918151563,False
218,2020,3,Catamarca,47.15709898417198,47.15709898417198,48.10024096385542,1.9999999999999987,3.797516523440092,True
219,2020,3,Chaco,41.54192057806515,41.54192057806515,42.372758989626455,1.9999999999999982,4.291514889256898,True
220,2020,3,Chubut,68.34389815720037,68.34389815720037,69.71077612034438,1.999999999999998,19.18102524414822,True
221,2020,3,Córdoba,75.22035723669207,75.22035723669207,76.72476438142591,2.000000000000007,3.4474602146180144,True
222,2020,3,Corrientes,41.750749470464434,41.750749470464434,42.58576445987372,1.9999999999999982,3.5876325638149575,True
223,2020,3,Entre Ríos,58.1901640924315,58.1901640924315,59.35396737428013,1.9999999999999991,2.921026968761531,True
224,2020,3,Formosa,31.905623310186535,31.905623310186535,32.543735776390264,1.9999999999999958,2.4605040321097116,True
225,2020,3,Jujuy,54.04441923820905,54.04441923820905,55.12530762297323,1.9999999999999973,12.856317674665462,True
226,2020,3,La Pampa,79.26447706670275,79.26447706670275,80.84976660803682,2.0000000000000107,4.1561476867098435,True
227,2020,3,La Rioja,50.11811323630268,50.11811323630268,51.120475501028736,1.9999999999999976,0.5581432194975422,False
228,2020,3,Mendoza,37.348633137232696,37.348633137232696,38.09560579997735,1.9999999999999982,3.024336186307619,True
229,2020,3,Misiones,41.60448628544863,41.60448628544863,42.436576011157605,2.000000000000007,1.7528219803841116,False
230,2020,3,Neuquén,65.24417025530218,65.24417025530218,66.54905366040822,1.9999999999999938,2.105999160679084,True
231,2020,3,Río Negro,57.05240591584501,57.05240591584501,58.19345403416191,2.000000000000004,1.2117770487060753,False
232,2020,3,Salta,52.31571212848803,52.31571212848803,53.362026371057794,2.0000000000000067,1.4232381547008455,False
233,2020,3,San Juan,38.78995525412846,38.78995525412846,39.56575435921103,2.000000000000001,10.5288857853854,True
234,2020,3,San Luis,79.96172209417188,79.96172209417188,81.56095653605531,2.000000000000002,1.9794045758205758,False
235,2020,3,Santa Cruz,35.95152890784452,35.95152890784452,36.67055948600141,1.9999999999999976,0.4439600130534682,False
236,2020,3,Santa Fe,72.12060247348236,72.12060247348236,73.56301452295202,2.000000000000007,3.026240297318439,True
237,2020,3,Santiago Del Estero,43.37593131691913,43.37593131691913,44.24344994325751,1.9999999999999958,-0.20989522536050131,False
238,2020,3,Tierra Del Fuego,76.80909583946696,76.80909583946696,78.34527775625631,2.0000000000000084,0.5756399245259392,False
239,2020,3,Tucumán,53.2281495112899,53.2281495112899,54.2927125015157,2.000000000000008,2.795264369608552,True
192,2020,4,Buenos Aires,68.97702220170737,68.97702220170737,70.35656264574152,2.0000000000000018,1.9522712912140916,False
193,2020,4,Capital Federal,108.31107489043508,108.31107489043508,110.47729638824379,2.0000000000000044,0.5898940411235953,False
194,2020,4,Catamarca,49.40688354549741,49.40688354549741,50.39502121640736,2.0000000000000036,4.770829015755518,True
195,2020,4,Chaco,43.03078864977911,43.03078864977911,43.89140442277469,1.9999999999999942,3.584013572304867,True
196,2020,4,Chubut,68.35189915825622,68.35189915825622,69.71893714142134,1.999999999999992,0.011706972051017672,False
197,2020,4,Córdoba,78.07960876338194,78.07960876338194,79.64120093864958,1.9999999999999942,3.8011671729939023,True
198,2020,4,Corrientes,42.42828394694903,42.42828394694903,43.27684962588801,2.0000000000000036,1.6228079377686333,False
199,2020,4,Entre Ríos,59.47430676097378,59.47430676097378,60.66379289619326,1.9999999999999993,2.2068036558592574,True
200,2020,4,Formosa,32.487381907596735,32.487381907596735,33.13712954574867,2.000000000000005,1.8233732397400448,False
201,2020,4,Jujuy,53.45659123390888,53.45659123390888,54.52572305858706,2.0000000000000053,-1.0876756797204679,False
202,2020,4,La Pampa,81.76793248945148,81.76793248945148,83.40329113924051,1.9999999999999958,3.158357331547168,True
203,2020,4,La Rioja,50.11061211701148,50.11061211701148,51.112824359351706,1.999999999999997,-0.01496688284301495,False
204,2020,4,Mendoza,38.62957896227819,38.62957896227819,39.40217054152375,2.0,3.429699342245862,True
205,2020,4,Misiones,42.64411416119227,42.64411416119227,43.49699644441612,2.0000000000000084,2.4988359875681265,True
206,2020,4,Neuquén,67.00234522048092,67.00234522048092,68.34239212489054,2.0,2.6947617822388636,True
207,2020,4,Río Negro,61.08861548045476,61.08861548045476,62.31038779006386,1.9999999999999973,7.074565042118208,True
208,2020,4,Salta,54.04275200147659,54.04275200147659,55.123607041506126,2.0000000000000027,3.3011877363858355,True
209,2020,4,San Juan,36.32088215575813,36.32088215575813,37.04729979887329,2.0,-6.365238325732648,False
210,2020,4,San Luis,81.67947806105701,81.67947806105701,83.31306762227815,2.0000000000000036,2.1482228269947834,True
211,2020,4,Santa Cruz,36.99957245908797,36.99957245908797,37.73956390826973,1.999999999999997,2.91515711036916,True
212,2020,4,Santa Fe,73.58073807267776,73.58073807267776,75.05235283413131,1.999999999999995,2.0245748775216788,True
213,2020,4,Santiago Del Estero,43.749256620689934,43.749256620689934,44.62424175310373,1.999999999999998,0.860673863214978,False
214,2020,4,Tierra Del Fuego,76.26583496977399,76.26583496977399,77.79115166916947,1.9999999999999938,-0.7072871562352478,False
215,2020,4,Tucumán,54.78340441369959,54.78340441369959,55.87907250197359,2.0000000000000075,2.9218654352802798,True
168,2021,1,Buenos Aires,69.10524076185938,69.10524076185938,70.48734557709656,1.9999999999999956,0.18588590237638147,False
169,2021,1,Capital Federal,108.4199392232935,108.4199392232935,110.58833800775938,2.000000000000008,0.10051080461397355,False
170,2021,1,Catamarca,48.89909292784824,48.89909292784824,49.8770747864052,2.000000000000002,-1.0277730170565436,False
171,2021,1,Chaco,43.13649241708794,43.13649241708794,43.9992222654297,1.999999999999997,0.2456468278309698,False
172,2021,1,Chubut,68.9942808881567,68.9942808881567,70.37416650591983,2.000000000000004,0.939815481078532,False
173,2021,1,Córdoba,78.59028062380018,78.59028062380018,80.16208623627618,1.9999999999999931,0.654039983686161,False
174,2021,1,Corrientes,42.664128438821415,42.664128438821415,43.51741100759784,2.000000000000001,0.5558662051174945,False
175,2021,1,Entre Ríos,60.439449728342346,60.439449728342346,61.64823872290919,1.999999999999997,1.622789772476807,False
176,2021,1,Formosa,32.732955756327215,32.732955756327215,33.387614871453756,1.999999999999992,0.7559053217306433,False
177,2021,1,Jujuy,55.63244789620541,55.63244789620541,56.74509685412952,1.9999999999999998,4.070324373613121,True
178,2021,1,La Pampa,81.77676345752207,81.77676345752207,83.4122987266725,1.9999999999999958,0.010800038354541464,False
179,2021,1,La Rioja,49.80693519079345,49.80693519079345,50.80307389460933,2.000000000000009,-0.6060132043666067,False
180,2021,1,Mendoza,39.153661528996416,39.153661528996416,39.936734759576346,2.0000000000000044,1.3566872350071257,False
181,2021,1,Misiones,43.172438905971845,43.172438905971845,44.035887684091286,2.000000000000009,1.238915979782207,False
182,2021,1,Neuquén,66.84208942045272,66.84208942045272,68.17893120886178,2.000000000000009,-0.23917938917040749,False
183,2021,1,Río Negro,60.87924030325769,60.87924030325769,62.09682510932284,2.0000000000000013,-0.3427400924875479,False
184,2021,1,Salta,53.93001926339093,53.93001926339093,55.00861964865875,2.000000000000001,-0.20859918103833808,False
185,2021,1,San Juan,39.055194335357605,39.055194335357605,39.836298222064755,1.9999999999999951,7.528209716585854,True
186,2021,1,San Luis,81.23730177127507,81.23730177127507,82.86204780670057,2.0000000000000013,-0.5413554301258006,False
187,2021,1,Santa Cruz,41.64783103990742,41.64783103990742,42.48078766070557,2.000000000000004,12.563006196785743,True
188,2021,1,Santa Fe,73.91656407026184,73.91656407026184,75.39489535166707,1.9999999999999938,0.45640476893882287,False
189,2021,1,Santiago Del Estero,45.67308282365455,45.67308282365455,46.58654448012764,1.9999999999999956,4.397391753748803,True
190,2021,1,Tierra Del Fuego,77.34935609177366,77.34935609177366,78.89634321360913,1.9999999999999973,1.4207162649292338,False
191,2021,1,Tucumán,54.81892254125389,54.81892254125389,55.91530099207897,2.000000000000001,0.06483373557086836,False
144,2021,2,Buenos Aires,70.00330336027972,70.00330336027972,71.40336942748532,2.000000000000008,1.299557875089552,False
145,2021,2,Capital Federal,110.14440203212098,110.14440203212098,112.3472900727634,2.000000000000001,1.5905402836243088,False
146,2021,2,Catamarca,52.34030966263861,52.34030966263861,53.38711585589138,1.9999999999999967,7.037383576558298,True
147,2021,2,Chaco,43.32762729293539,43.32762729293539,44.1941798387941,2.0000000000000044,0.4430932260308884,False
148,2021,2,Chubut,72.29410481936469,72.29410481936469,73.73998691575198,2.0,4.782749944965992,True
149,2021,2,Córdoba,80.11518795931242,80.11518795931242,81.71749171849868,2.0000000000000093,1.9403256018536652,False
150,2021,2,Corrientes,43.5411637336848,43.5411637336848,44.411987008358494,2.000000000000002,2.0556737637826394,True
151,2021,2,Entre Ríos,61.660264464787886,61.660264464787886,62.89346975408365,2.0000000000000044,2.0198971730099213,True
152,2021,2,Formosa,33.22548419322613,33.22548419322613,33.88999387709065,2.0000000000000013,1.5046867156312649,False
153,2021,2,Jujuy,56.182157011467694,56.182157011467694,57.30580015169705,2.0000000000000013,0.9881088034952024,False
154,2021,2,La Pampa,82.08000672325404,82.08000672325404,83.72160685771912,1.9999999999999982,0.3708183754294714,False
155,2021,2,La Rioja,76.9786615851933,76.9786615851933,78.51823481689716,2.0000000000000044,54.554102335978286,True
156,2021,2,Mendoza,40.97324182617088,40.97324182617088,41.79270666269429,1.9999999999999958,4.6472800400210845,True
157,2021,2,Misiones,45.0128113119994,45.0128113119994,45.91306753823939,2.0000000000000027,4.262840952849167,True
158,2021,2,Neuquén,69.14021084638621,69.14021084638621,70.52301506331393,1.9999999999999998,3.438135231646866,True
159,2021,2,Río Negro,61.94204057417748,61.94204057417748,63.18088138566103,1.9999999999999982,1.7457515330770779,False
160,2021,2,Salta,54.930090174788894,54.930090174788894,56.02869197828468,2.000000000000008,1.8543863418881257,False
161,2021,2,San Juan,39.28402570062062,39.28402570062062,40.06970621463303,2.0,0.5859178763728323,False
162,2021,2,San Luis,83.47810720063075,83.47810720063075,85.14766934464336,2.0000000000000013,2.7583454650730532,True
163,2021,2,Santa Cruz,44.01491665543425,44.01491665543425,44.89521498854293,1.999999999999997,5.6835747658951385,True
164,2021,2,Santa Fe,75.06878626293008,75.06878626293008,76.57016198818867,1.999999999999995,1.5588146001659142,False
165,2021,2,Santiago Del Estero,46.557275364921054,46.557275364921054,47.48842087221948,2.000000000000007,1.9359160507741446,False
166,2021,2,Tierra Del Fuego,67.88580775229184,67.88580775229184,69.24352390733767,1.9999999999999982,-12.234812049700173,False
167,2021,2,Tucumán,54.928196510348045,54.928196510348045,56.02676044055501,2.000000000000006,0.19933622192578326,False
120,2021,3,Buenos Aires,71.68218940101933,71.68218940101933,73.11583318903972,2.0000000000000053,2.398295452000365,True
121,2021,3,Capital Federal,111.27105514250894,111.27105514250894,113.49647624535912,1.9999999999999982,1.0228873093880875,False
122,2021,3,Catamarca,52.70979348600128,52.70979348600128,53.76398935572131,2.0000000000000004,0.7059259407217633,False
123,2021,3,Chaco,42.96241007967663,42.96241007967663,43.82165828127016,1.999999999999995,-0.8429199475649796,False
124,2021,3,Chubut,80.70973847657562,80.70973847657562,82.32393324610713,1.999999999999995,11.640829744331693,True
125,2021,3,Córdoba,81.2845665540848,81.2845665540848,82.9102578851665,2.000000000000001,1.4596216080354996,False
126,2021,3,Corrientes,44.90088312664412,44.90088312664412,45.798900789177004,2.0000000000000093,3.1228365903950284,True
127,2021,3,Entre Ríos,62.17940145385769,62.17940145385769,63.422989482934845,1.9999999999999973,0.8419311749242819,False
128,2021,3,Formosa,33.962033540684324,33.962033540684324,34.64127421149801,1.999999999999992,2.2168205079411862,True
129,2021,3,Jujuy,55.6892647441935,55.6892647441935,56.80305003907737,1.9999999999999973,-0.8773110423182628,False
130,2021,3,La Pampa,84.27996309653611,84.27996309653611,85.96556235846683,1.9999999999999958,2.6802585198361095,True
131,2021,3,La Rioja,77.26016061386845,77.26016061386845,78.80536382614582,2.000000000000003,0.36568449344058784,False
132,2021,3,Mendoza,45.54828468056102,45.54828468056102,46.45925037417224,2.000000000000009,11.165928421772865,True
133,2021,3,Misiones,45.57065365808786,45.57065365808786,46.482066731249624,2.000000000000007,1.2392968353428735,False
134,2021,3,Neuquén,69.70653344501615,69.70653344501615,71.10066411391648,2.000000000000012,0.8190929586376017,False
135,2021,3,Río Negro,61.967213114754095,61.967213114754095,63.20655737704918,2.000000000000004,0.040638862303010725,False
136,2021,3,Salta,55.9642780595842,55.9642780595842,57.08356362077589,2.0000000000000075,1.8827347297346364,False
137,2021,3,San Juan,39.4554480019856,39.4554480019856,40.244556962025314,2.000000000000001,0.4363664321762162,False
138,2021,3,San Luis,79.87043349212911,79.87043349212911,81.46784216197169,1.9999999999999967,-4.321700418806785,False
139,2021,3,Santa Cruz,43.74732028012005,43.74732028012005,44.62226668572245,2.0,-0.6079674702307081,False
140,2021,3,Santa Fe,75.01704762728227,75.01704762728227,76.51738857982791,1.9999999999999956,-0.06892163604003132,False
141,2021,3,Santiago Del Estero,47.0,47.0,47.94,1.9999999999999951,0.9509247085634165,False
142,2021,3,Tierra Del Fuego,94.95386825985028,94.95386825985028,96.85294562504728,1.9999999999999958,39.87292985645385,True
143,2021,3,Tucumán,54.63604486100796,54.63604486100796,55.72876575822812,2.0000000000000036,-0.5318791948413004,False
96,2021,4,Buenos Aires,75.66410602338475,75.66410602338475,77.17738814385244,1.9999999999999973,5.554959545235083,True
97,2021,4,Capital Federal,111.27002612891737,111.27002612891737,113.49542665149572,2.000000000000006,-0.000924781013589282,False
98,2021,4,Catamarca,55.2526999859741,55.2526999859741,56.35775398569358,1.9999999999999973,4.824352993619985,True
99,2021,4,Chaco,44.04856389025934,44.04856389025934,44.929535168064525,2.0000000000000018,2.5281491624151498,True
100,2021,4,Chubut,82.57340063871433,82.57340063871433,84.22486865148862,2.0000000000000013,2.309092059169049,True
101,2021,4,Córdoba,84.50941853046088,84.50941853046088,86.1996069010701,2.000000000000004,3.9673607341319084,True
102,2021,4,Corrientes,45.51016102946347,45.51016102946347,46.420364250052735,1.999999999999995,1.3569396866891514,False
103,2021,4,Entre Ríos,63.15536143616578,63.15536143616578,64.41846866488909,1.9999999999999973,1.569587290145158,False
104,2021,4,Formosa,34.4545746388443,34.4545746388443,35.14366613162119,2.000000000000009,1.4502697477462467,False
105,2021,4,Jujuy,56.921070514870486,56.921070514870486,58.0594919251679,2.0000000000000027,2.211926798342989,True
106,2021,4,La Pampa,89.56734270241313,89.56734270241313,91.3586895564614,2.0000000000000093,6.273590319232514,True
107,2021,4,La Rioja,77.9234900964576,77.9234900964576,79.48195989838675,1.9999999999999967,0.8585660155488783,False
108,2021,4,Mendoza,47.50531709031775,47.50531709031775,48.45542343212411,1.9999999999999973,4.296610560599112,True
109,2021,4,Misiones,49.06462073058497,49.06462073058497,50.04591314519667,2.000000000000004,7.667142759706724,True
110,2021,4,Neuquén,73.30016254020012,73.30016254020012,74.76616579100413,2.000000000000007,5.155369113310715,True
111,2021,4,Río Negro,65.69489961160652,65.69489961160652,67.00879760383864,1.999999999999997,6.015578738306826,True
112,2021,4,Salta,56.81442605762217,56.81442605762217,57.950714578774615,2.0000000000000013,1.5190904403927563,False
113,2021,4,San Juan,39.588851864871685,39.588851864871685,40.38062890216912,2.0000000000000058,0.3381126552646663,False
114,2021,4,San Luis,80.29578283135379,80.29578283135379,81.90169848798087,2.0,0.5325491807510963,False
115,2021,4,Santa Cruz,43.05121466117346,43.05121466117346,43.91223895439693,2.000000000000008,-1.5911960195260644,False
116,2021,4,Santa Fe,77.08920179439227,77.08920179439227,78.63098583028011,1.999999999999998,2.762244359982513,True
117,2021,4,Santiago Del Estero,47.0459491943867,47.0459491943867,47.986868178274435,1.9999999999999998,0.09776424337595291,False
118,2021,4,Tierra Del Fuego,98.40061644865432,98.40061644865432,100.3686287776274,2.0000000000000027,3.629918666790566,True
119,2021,4,Tucumán,55.92599102424391,55.92599102424391,57.04451084472879,1.9999999999999982,2.3609801304569578,True
72,2022,1,Buenos Aires,76.07814661157262,76.07814661157262,77.59970954380407,1.9999999999999927,0.5472087227990308,False
73,2022,1,Capital Federal,111.79786269174652,111.79786269174652,114.03381994558144,1.9999999999999956,0.47437443954367886,False
74,2022,1,Catamarca,58.20635083561171,58.20635083561171,59.370477852323944,2.0000000000000027,5.34571315137069,True
75,2022,1,Chaco,44.05948009941883,44.05948009941883,44.9406697014072,1.9999999999999958,0.02478221352841814,False
76,2022,1,Chubut,88.05274093835774,88.05274093835774,89.8137957571249,1.9999999999999942,6.63572077359067,True
77,2022,1,Córdoba,85.75745356313551,85.75745356313551,87.47260263439823,2.0000000000000058,1.4767999287851996,False
78,2022,1,Corrientes,47.644635141502334,47.644635141502334,48.59752784433238,2.000000000000004,4.690104503600856,True
79,2022,1,Entre Ríos,63.70090347123158,63.70090347123158,64.97492154065621,2.0000000000000053,0.8638095367678345,False
80,2022,1,Formosa,34.955686995751336,34.955686995751336,35.65480073566636,2.0000000000000027,1.4544145796595576,False
81,2022,1,Jujuy,58.06462866426784,58.06462866426784,59.2259212375532,2.0000000000000027,2.0090243192081303,True
82,2022,1,La Pampa,91.66332531408716,91.66332531408716,93.4965918203689,2.0000000000000027,2.340119231445681,True
83,2022,1,La Rioja,78.77459866564503,78.77459866564503,80.35009063895794,2.0000000000000084,1.0922362026314358,False
84,2022,1,Mendoza,48.73524093558345,48.73524093558345,49.70994575429512,2.0000000000000058,2.5890235464113287,True
85,2022,1,Misiones,49.04334199772953,49.04334199772953,50.02420883768412,2.000000000000006,-0.0433687910730729,False
86,2022,1,Neuquén,74.17305509992715,74.17305509992715,75.6565162019257,2.0,1.190846690480818,False
87,2022,1,Río Negro,67.03640754987029,67.03640754987029,68.3771357008677,2.0000000000000018,2.042027533636359,True
88,2022,1,Salta,56.10759340849759,56.10759340849759,57.22974527666754,1.999999999999998,-1.244107699702357,False
89,2022,1,San Juan,43.54598160933163,43.54598160933163,44.41690124151827,2.000000000000004,9.995565817283069,True
90,2022,1,San Luis,80.72423060601774,80.72423060601774,82.33871521813809,1.9999999999999942,0.5335868952966338,False
91,2022,1,Santa Cruz,43.33842311053054,43.33842311053054,44.20519157274116,2.0000000000000098,0.6671320463719876,False
92,2022,1,Santa Fe,77.30458474758402,77.30458474758402,78.8506764425357,2.0000000000000053,0.2793944523724612,False
93,2022,1,Santiago Del Estero,47.17273839324049,47.17273839324049,48.1161931611053,1.9999999999999944,0.2695007774843994,False
94,2022,1,Tierra Del Fuego,98.29055038672794,98.29055038672794,100.2563613944625,1.9999999999999993,-0.11185505324939893,False
95,2022,1,Tucumán,57.39003227231194,57.39003227231194,58.53783291775818,2.0,2.6178190520278255,True
48,2022,2,Buenos Aires,77.58,77.58,79.1316,2.0000000000000098,1.9740930284425806,False
49,2022,2,Capital Federal,121.31,121.31,123.73620000000001,2.000000000000007,8.508335561370007,True
50,2022,2,Catamarca,62.4,62.4,63.647999999999996,1.9999999999999962,7.2047965628907695,True
51,2022,2,Chaco,43.79,43.79,44.6658,1.9999999999999958,-0.6116279602273011,False
52,2022,2,Chubut,83.19,83.19,84.85379999999999,1.9999999999999938,-5.522532162584193,False
53,2022,2,Córdoba,87.48,87.48,89.2296,2.000000000000001,2.0086259156428143,True
54,2022,2,Corrientes,48.35,48.35,49.317,1.9999999999999973,1.480470689727742,False
55,2022,2,Entre Ríos,63.9,63.9,65.178,1.999999999999998,0.3125489874069576,False
56,2022,2,Formosa,43.42,43.42,44.2884,2.0000000000000027,24.214408960915158,True
57,2022,2,Jujuy,57.32,57.32,58.4664,1.9999999999999998,-1.2824135474512666,False
58,2022,2,La Pampa,92.98,92.98,94.8396,2.0000000000000004,1.4364247439215383,False
59,2022,2,La Rioja,80.14,80.14,81.7428,2.0000000000000027,1.7333015432428267,False
60,2022,2,Mendoza,49.39,49.39,50.3778,2.0,1.343502262114571,False
61,2022,2,Misiones,51.0,51.0,52.02,2.000000000000006,3.9896506285421074,True
62,2022,2,Neuquén,80.02,80.02,81.6204,2.0000000000000098,7.882842215674879,True
63,2022,2,Río Negro,67.85,67.85,69.207,1.9999999999999991,1.2136575927408577,False
64,2022,2,Salta,57.54,57.54,58.6908,2.0000000000000067,2.552963876161307,True
65,2022,2,San Juan,49.46,49.46,50.449200000000005,2.0000000000000075,13.58108870693371,True
66,2022,2,San Luis,81.76,81.76,83.3952,1.999999999999997,1.2830960248322976,False
67,2022,2,Santa Cruz,43.15,43.15,44.013,1.9999999999999991,-0.43477149606940824,False
68,2022,2,Santa Fe,77.9,77.9,79.45800000000001,2.000000000000009,0.7702198444764274,False
69,2022,2,Santiago Del Estero,47.7,47.7,48.654,2.000000000000001,1.1177252470784271,False
70,2022,2,Tierra Del Fuego,99.86,99.86,101.8572,2.0000000000000067,1.596745167360436,False
71,2022,2,Tucumán,59.31,59.31,60.4962,1.9999999999999991,3.345472465632948,True
24,2022,3,Buenos Aires,78.11,78.11,79.6722,2.0000000000000058,0.6831657643722622,False
25,2022,3,Capital Federal,122.28,122.28,124.7256,1.9999999999999991,0.799604319512004,False
26,2022,3,Catamarca,65.33,65.33,66.6366,2.000000000000005,4.695512820512815,True
27,2022,3,Chaco,43.86,43.86,44.7372,2.0000000000000044,0.15985384791048496,False
28,2022,3,Chubut,84.38,84.38,86.0676,2.000000000000004,1.4304603918740222,False
29,2022,3,Córdoba,88.31,88.31,90.0762,1.9999999999999973,0.9487882944672954,False
30,2022,3,Corrientes,48.21,48.21,49.1742,1.9999999999999962,-0.2895553257497463,False
31,2022,3,Entre Ríos,63.67,63.67,64.9434,1.9999999999999925,-0.35993740219091297,False
32,2022,3,Formosa,43.76,43.76,44.6352,1.9999999999999991,0.7830492860432914,False
33,2022,3,Jujuy,58.91,58.91,60.0882,2.0000000000000067,2.7739009071877208,True
34,2022,3,La Pampa,96.59,96.59,98.5218,1.9999999999999951,3.8825553882555486,True
35,2022,3,La Rioja,80.66,80.66,82.2732,2.0000000000000075,0.6488644871474936,False
36,2022,3,Mendoza,51.03,51.03,52.0506,2.0000000000000036,3.320510224741846,True
37,2022,3,Misiones,51.82,51.82,52.8564,2.000000000000001,1.6078431372549051,False
38,2022,3,Neuquén,80.37,80.37,81.9774,1.999999999999998,0.437390652336922,False
39,2022,3,Río Negro,67.98,67.98,69.3396,2.0000000000000004,0.19159911569639476,False
40,2022,3,Salta,57.76,57.76,58.9152,2.000000000000001,0.3823427181091299,False
41,2022,3,San Juan,50.8,50.8,51.815999999999995,1.9999999999999967,2.709260008087333,True
42,2022,3,San Luis,81.74,81.74,83.3748,1.9999999999999982,-0.024461839530343088,False
43,2022,3,Santa Cruz,43.19,43.19,44.053799999999995,1.999999999999995,0.09269988412514696,False
44,2022,3,Santa Fe,78.55,78.55,80.121,1.9999999999999976,0.834403080872903,False
45,2022,3,Santiago Del Estero,47.98,47.98,48.9396,2.000000000000004,0.5870020964360512,False
46,2022,3,Tierra Del Fuego,99.51,99.51,101.5002,2.0000000000000013,-0.35049068696173524,False
47,2022,3,Tucumán,61.14,61.14,62.3628,1.9999999999999991,3.0854830551340306,True
0,2022,4,Buenos Aires,78.94,78.94,80.5188,2.0000000000000013,1.0626040199718245,False
1,2022,4,Capital Federal,122.73,122.73,125.1846,1.9999999999999993,0.3680078508341511,False
2,2022,4,Catamarca,65.77,65.77,67.08539999999999,1.9999999999999951,0.6735037501913288,False
3,2022,4,Chaco,43.62,43.62,44.492399999999996,1.9999999999999976,-0.5471956224350261,False
4,2022,4,Chubut,85.57,85.57,87.28139999999999,1.9999999999999973,1.4102867978193823,False
5,2022,4,Córdoba,89.03,89.03,90.81060000000001,2.0000000000000075,0.8153097044502289,False
6,2022,4,Corrientes,51.64,51.64,52.6728,2.000000000000003,7.114706492428957,True
7,2022,4,Entre Ríos,64.01,64.01,65.29020000000001,2.000000000000012,0.5340034553164896,False
8,2022,4,Formosa,39.41,39.41,40.1982,2.000000000000009,-9.940585009140769,False
9,2022,4,Jujuy,58.46,58.46,59.629200000000004,2.0000000000000058,-0.7638771006620249,False
10,2022,4,La Pampa,94.8,94.8,96.696,2.000000000000001,-1.853193912413298,False
11,2022,4,La Rioja,79.86,79.86,81.4572,2.000000000000001,-0.9918175055789735,False
12,2022,4,Mendoza,51.36,51.36,52.3872,2.000000000000001,0.646678424456204,False
13,2022,4,Misiones,52.85,52.85,53.907000000000004,2.000000000000004,1.9876495561559349,False
14,2022,4,Neuquén,78.67,78.67,80.24340000000001,2.0000000000000084,-2.1152171208162263,False
15,2022,4,Río Negro,68.42,68.42,69.78840000000001,2.000000000000012,0.6472491909385036,False
16,2022,4,Salta,57.96,57.96,59.1192,1.9999999999999973,0.3462603878116477,False
17,2022,4,San Juan,50.88,50.88,51.897600000000004,2.000000000000003,0.15748031496063408,False
18,2022,4,San Luis,90.27,90.27,92.0754,2.0000000000000067,10.435527281624669,True
19,2022,4,Santa Cruz,43.53,43.53,44.400600000000004,2.000000000000007,0.7872192637184527,False
20,2022,4,Santa Fe,78.4,78.4,79.968,1.9999999999999973,-0.19096117122850975,False
21,2022,4,Santiago Del Estero,48.05,48.05,49.010999999999996,1.999999999999997,0.14589412255106016,False
22,2022,4,Tierra Del Fuego,101.44,101.44,103.4688,2.000000000000004,1.9395035674806493,False
23,2022,4,Tucumán,61.04,61.04,62.2608,2.0000000000000067,-0.1635590448151758,False
