,Año,Trimestre,Provincia,Accesos por cada 100 hab
0,2022,4,Buenos Aires,26.72
1,2022,4,Capital Federal,50.35
2,2022,4,Catamarca,16.73
3,2022,4,Chaco,11.66
4,2022,4,Chubut,26.23
5,2022,4,Córdoba,27.26
6,2022,4,Corrientes,13.6
7,2022,4,Entre Ríos,19.14
8,2022,4,Formosa,10.03
9,2022,4,Jujuy,14.95
10,2022,4,La Pampa,31.23
11,2022,4,La Rioja,21.26
12,2022,4,Mendoza,14.33
13,2022,4,Misiones,14.39
14,2022,4,Neuquén,23.41
15,2022,4,Río Negro,21.04
16,2022,4,Salta,14.04
17,2022,4,San Juan,12.96
18,2022,4,San Luis,25.83
19,2022,4,Santa Cruz,12.95
20,2022,4,Santa Fe,24.65
21,2022,4,Santiago Del Estero,11.92
22,2022,4,Tierra Del Fuego,30.07
23,2022,4,Tucumán,15.12
24,2022,3,Buenos Aires,26.37
25,2022,3,Capital Federal,50.22
26,2022,3,Catamarca,16.62
27,2022,3,Chaco,11.72
28,2022,3,Chubut,25.86
29,2022,3,Córdoba,27.04
30,2022,3,Corrientes,12.69
31,2022,3,Entre Ríos,19.04
32,2022,3,Formosa,11.14
33,2022,3,Jujuy,15.06
34,2022,3,La Pampa,31.82
35,2022,3,La Rioja,21.47
36,2022,3,Mendoza,14.24
37,2022,3,Misiones,14.11
38,2022,3,Neuquén,23.92
39,2022,3,Río Negro,20.91
40,2022,3,Salta,13.99
41,2022,3,San Juan,12.94
42,2022,3,San Luis,23.39
43,2022,3,Santa Cruz,12.85
44,2022,3,Santa Fe,24.7
45,2022,3,Santiago Del Estero,11.91
46,2022,3,Tierra Del Fuego,29.5
47,2022,3,Tucumán,15.14
48,2022,2,Buenos Aires,26.12927127832741
49,2022,2,Capital Federal,49.873561256261084
50,2022,2,Catamarca,15.871790195247085
51,2022,2,Chaco,11.70254390369554
52,2022,2,Chubut,25.499919336270644
53,2022,2,Córdoba,26.781590841133493
54,2022,2,Corrientes,12.732146965383649
55,2022,2,Entre Ríos,19.10468595065942
56,2022,2,Formosa,11.049814591140093
57,2022,2,Jujuy,14.656913524540677
58,2022,2,La Pampa,30.632721559665786
59,2022,2,La Rioja,21.331409216914373
60,2022,2,Mendoza,13.782233784570575
61,2022,2,Misiones,13.89002818196789
62,2022,2,Neuquén,23.81745752817118
63,2022,2,Río Negro,20.867543527383393
64,2022,2,Salta,13.936010557448652
65,2022,2,San Juan,12.597912455631214
66,2022,2,San Luis,23.396972678771853
67,2022,2,Santa Cruz,12.83962283852644
68,2022,2,Santa Fe,24.495906799164608
69,2022,2,Santiago Del Estero,11.836737968128928
70,2022,2,Tierra Del Fuego,29.60495526496903
71,2022,2,Tucumán,14.6914572899128
72,2022,1,Buenos Aires,25.563030152028354
73,2022,1,Capital Federal,46.01434762144353
74,2022,1,Catamarca,14.805619574995312
75,2022,1,Chaco,11.775342040436145
76,2022,1,Chubut,26.988759663104396
77,2022,1,Córdoba,26.255262218351167
78,2022,1,Corrientes,12.545281287312793
79,2022,1,Entre Ríos,19.04540527092108
80,2022,1,Formosa,8.896427435598431
81,2022,1,Jujuy,14.847641828629394
82,2022,1,La Pampa,30.200415031402574
83,2022,1,La Rioja,20.96917417226944
84,2022,1,Mendoza,13.5994765497552
85,2022,1,Misiones,13.357539336702546
86,2022,1,Neuquén,22.07746042609429
87,2022,1,Río Negro,20.61822984084394
88,2022,1,Salta,13.588166053353753
89,2022,1,San Juan,11.092116468606637
90,2022,1,San Luis,23.101656231687382
91,2022,1,Santa Cruz,12.894297328809571
92,2022,1,Santa Fe,24.307396998934415
93,2022,1,Santiago Del Estero,11.706882132029497
94,2022,1,Tierra Del Fuego,29.13865104068589
95,2022,1,Tucumán,14.215533334298076
96,2021,4,Buenos Aires,25.36251411440295
97,2021,4,Capital Federal,45.848510714562856
98,2021,4,Catamarca,14.054223759225387
99,2021,4,Chaco,11.772399458164147
100,2021,4,Chubut,25.309325144656967
101,2021,4,Córdoba,25.873153715537683
102,2021,4,Corrientes,11.983198552620907
103,2021,4,Entre Ríos,18.88227767661483
104,2021,4,Formosa,8.768865242200624
105,2021,4,Jujuy,14.555241944242491
106,2021,4,La Pampa,29.509892061530994
107,2021,4,La Rioja,20.742382050283958
108,2021,4,Mendoza,13.25625900699059
109,2021,4,Misiones,13.363319043268442
110,2021,4,Neuquén,21.817563119077384
111,2021,4,Río Negro,20.205613568445425
112,2021,4,Salta,13.759337691497715
113,2021,4,San Juan,10.084133235970333
114,2021,4,San Luis,22.97895624197615
115,2021,4,Santa Cruz,12.808821353847454
116,2021,4,Santa Fe,24.23965799751964
117,2021,4,Santiago Del Estero,11.675440470480114
118,2021,4,Tierra Del Fuego,29.171007839182543
119,2021,4,Tucumán,13.852880446424063
120,2021,3,Buenos Aires,23.96989190399953
121,2021,3,Capital Federal,45.90038346526859
122,2021,3,Catamarca,13.407472376612356
123,2021,3,Chaco,11.48213456009956
124,2021,3,Chubut,24.738375502880167
125,2021,3,Córdoba,24.885957628675673
126,2021,3,Corrientes,11.8228555121759
127,2021,3,Entre Ríos,18.590565595869126
128,2021,3,Formosa,8.643582187295351
129,2021,3,Jujuy,14.240381868423986
130,2021,3,La Pampa,27.767891191051227
131,2021,3,La Rioja,20.565964530219404
132,2021,3,Mendoza,12.710228113581037
133,2021,3,Misiones,12.411772581325813
134,2021,3,Neuquén,20.74816202113861
135,2021,3,Río Negro,19.05925062746504
136,2021,3,Salta,13.55352602212216
137,2021,3,San Juan,10.050236642022515
138,2021,3,San Luis,22.857408818789526
139,2021,3,Santa Cruz,13.016254371883871
140,2021,3,Santa Fe,23.58815244581783
141,2021,3,Santiago Del Estero,11.660736690891678
142,2021,3,Tierra Del Fuego,28.150170112829368
143,2021,3,Tucumán,13.533446775711843
144,2021,2,Buenos Aires,23.35247372787298
145,2021,2,Capital Federal,45.48719048129489
146,2021,2,Catamarca,13.313748671467298
147,2021,2,Chaco,11.580041340539402
148,2021,2,Chubut,22.159781771420207
149,2021,2,Córdoba,24.528406291253745
150,2021,2,Corrientes,11.465064580129559
151,2021,2,Entre Ríos,18.435680632917915
152,2021,2,Formosa,8.456293049570467
153,2021,2,Jujuy,14.366784069218694
154,2021,2,La Pampa,27.043558440191944
155,2021,2,La Rioja,20.49158509575061
156,2021,2,Mendoza,11.433847066800618
157,2021,2,Misiones,12.26014659485293
158,2021,2,Neuquén,20.58023612564588
159,2021,2,Río Negro,19.052051860128394
160,2021,2,Salta,13.303441391384512
161,2021,2,San Juan,10.00671906693712
162,2021,2,San Luis,23.89055527674358
163,2021,2,Santa Cruz,13.096756425784957
164,2021,2,Santa Fe,23.60478745301367
165,2021,2,Santiago Del Estero,11.554388875216853
166,2021,2,Tierra Del Fuego,20.126647945777083
167,2021,2,Tucumán,13.606163819728007
168,2021,1,Buenos Aires,22.998353975762015
169,2021,1,Capital Federal,44.82699016464177
170,2021,1,Catamarca,12.438278918256517
171,2021,1,Chaco,11.528896477487843
172,2021,1,Chubut,21.147838315076264
173,2021,1,Córdoba,24.061371645661506
174,2021,1,Corrientes,11.234115869536096
175,2021,1,Entre Ríos,18.070581721504354
176,2021,1,Formosa,8.330895284429907
177,2021,1,Jujuy,14.226045966500736
178,2021,1,La Pampa,26.943299898725044
179,2021,1,La Rioja,13.258360163449572
180,2021,1,Mendoza,10.926002451479471
181,2021,1,Misiones,11.758811611223322
182,2021,1,Neuquén,19.895917331182986
183,2021,1,Río Negro,18.724905657874665
184,2021,1,Salta,13.061128426236175
185,2021,1,San Juan,9.948368694803314
186,2021,1,San Luis,23.24883515831701
187,2021,1,Santa Cruz,12.391825403443834
188,2021,1,Santa Fe,23.242382186130484
189,2021,1,Santiago Del Estero,11.334871169032645
190,2021,1,Tierra Del Fuego,22.9312154304354
191,2021,1,Tucumán,13.57896382467824
192,2020,4,Buenos Aires,22.90151153254686
193,2020,4,Capital Federal,44.833968426782796
194,2020,4,Catamarca,12.567459308545084
195,2020,4,Chaco,11.50064617804086
196,2020,4,Chubut,20.950871174621614
197,2020,4,Córdoba,23.904978675681004
198,2020,4,Corrientes,11.172002734788627
199,2020,4,Entre Ríos,17.78197083072765
200,2020,4,Formosa,8.268390853815193
201,2020,4,Jujuy,13.669623117135359
202,2020,4,La Pampa,26.940422171804798
203,2020,4,La Rioja,13.339129511730942
204,2020,4,Mendoza,10.779753857792285
205,2020,4,Misiones,11.614898792582805
206,2020,4,Neuquén,19.943555550895127
207,2020,4,Río Negro,18.789319055171752
208,2020,4,Salta,13.088389057411085
209,2020,4,San Juan,9.251858120163535
210,2020,4,San Luis,23.375314368474104
211,2020,4,Santa Cruz,11.008682660661702
212,2020,4,Santa Fe,23.136769743176906
213,2020,4,Santiago Del Estero,10.857437164805166
214,2020,4,Tierra Del Fuego,22.609569143137627
215,2020,4,Tucumán,13.57016980842894
216,2020,3,Buenos Aires,22.410088053440287
217,2020,3,Capital Federal,44.62274289719256
218,2020,3,Catamarca,11.995288801288368
219,2020,3,Chaco,11.102767361905425
220,2020,3,Chubut,20.94871530485329
221,2020,3,Córdoba,23.029708353509868
222,2020,3,Corrientes,10.993613616681577
223,2020,3,Entre Ríos,17.398110879051448
224,2020,3,Formosa,8.120337229392224
225,2020,3,Jujuy,13.820037033679931
226,2020,3,La Pampa,26.115702018823033
227,2020,3,La Rioja,13.341312020771634
228,2020,3,Mendoza,10.422355488053226
229,2020,3,Misiones,11.331798537010407
230,2020,3,Neuquén,19.42045929269766
231,2020,3,Río Negro,17.54802558517
232,2020,3,Salta,12.670239307125406
233,2020,3,San Juan,9.88083251128296
234,2020,3,San Luis,22.8839263803681
235,2020,3,Santa Cruz,10.697207032526524
236,2020,3,Santa Fe,22.677710522681583
237,2020,3,Santiago Del Estero,10.76484130094044
238,2020,3,Tierra Del Fuego,22.771515363810202
239,2020,3,Tucumán,13.184990703555616
240,2020,2,Buenos Aires,21.552858404836318
241,2020,2,Capital Federal,44.15182686820503
242,2020,2,Catamarca,11.556666835285702
243,2020,2,Chaco,10.646198278920558
244,2020,2,Chubut,17.577923412048097
245,2020,2,Córdoba,22.262629768284135
246,2020,2,Corrientes,10.613139950481656
247,2020,2,Entre Ríos,16.90464963972206
248,2020,2,Formosa,7.925539742616724
249,2020,2,Jujuy,12.246000275261045
250,2020,2,La Pampa,25.07384596485546
251,2020,2,La Rioja,13.267548880443243
252,2020,2,Mendoza,10.116652469373573
253,2020,2,Misiones,11.136919674351834
254,2020,2,Neuquén,19.02059866374008
255,2020,2,Río Negro,17.338453751536527
256,2020,2,Salta,12.492822821915325
257,2020,2,San Juan,8.939786450606132
258,2020,2,San Luis,22.440286647722235
259,2020,2,Santa Cruz,10.650675172081195
260,2020,2,Santa Fe,22.01189934872471
261,2020,2,Santiago Del Estero,10.787648634906734
262,2020,2,Tierra Del Fuego,22.642392447335883
263,2020,2,Tucumán,12.826796661758182
264,2020,1,Buenos Aires,21.208081014212762
265,2020,1,Capital Federal,44.02408243452466
266,2020,1,Catamarca,9.568286447482455
267,2020,1,Chaco,10.018358007806318
268,2020,1,Chubut,15.715139739949185
269,2020,1,Córdoba,21.64232669040361
270,2020,1,Corrientes,10.198192297264285
271,2020,1,Entre Ríos,16.779387594256768
272,2020,1,Formosa,7.693633209507935
273,2020,1,Jujuy,11.934505713694248
274,2020,1,La Pampa,24.96348894596364
275,2020,1,La Rioja,12.337423688670192
276,2020,1,Mendoza,9.248656325291032
277,2020,1,Misiones,10.627621055982175
278,2020,1,Neuquén,18.409872883598883
279,2020,1,Río Negro,16.95263605430754
280,2020,1,Salta,12.011697200976553
281,2020,1,San Juan,8.251277881190129
282,2020,1,San Luis,21.838769386372302
283,2020,1,Santa Cruz,10.704172537298618
284,2020,1,Santa Fe,21.86132458787361
285,2020,1,Santiago Del Estero,10.539212166838636
286,2020,1,Tierra Del Fuego,22.552553250860385
287,2020,1,Tucumán,11.852464901793745
288,2019,4,Buenos Aires,21.135089381908887
289,2019,4,Capital Federal,44.18705360861236
290,2019,4,Catamarca,9.268865071492511
291,2019,4,Chaco,9.84506318966921
292,2019,4,Chubut,15.677171185926401
293,2019,4,Córdoba,21.57949716642836
294,2019,4,Corrientes,10.208283637368018
295,2019,4,Entre Ríos,17.339132629892976
296,2019,4,Formosa,7.755476118924716
297,2019,4,Jujuy,11.60391510228381
298,2019,4,La Pampa,25.344921847620384
299,2019,4,La Rioja,12.547563567459605
300,2019,4,Mendoza,9.390112733918839
301,2019,4,Misiones,10.837581902491847
302,2019,4,Neuquén,17.668184976921886
303,2019,4,Río Negro,17.13387032217983
304,2019,4,Salta,12.195492805546795
305,2019,4,San Juan,8.36915261267133
306,2019,4,San Luis,21.441352893267833
307,2019,4,Santa Cruz,10.923427797723754
308,2019,4,Santa Fe,21.84835065573258
309,2019,4,Santiago Del Estero,10.651974288337923
310,2019,4,Tierra Del Fuego,23.627546752616215
311,2019,4,Tucumán,11.803181280712074
312,2019,3,Buenos Aires,22.761733615562225
313,2019,3,Capital Federal,46.904770893488056
314,2019,3,Catamarca,7.855954765218487
315,2019,3,Chaco,9.580664387529255
316,2019,3,Chubut,14.580466548718958
317,2019,3,Córdoba,21.000781776953538
318,2019,3,Corrientes,10.134028114178687
319,2019,3,Entre Ríos,17.311661825597923
320,2019,3,Formosa,7.664177713890219
321,2019,3,Jujuy,11.334206981241007
322,2019,3,La Pampa,25.519002705641388
323,2019,3,La Rioja,12.762431790856121
324,2019,3,Mendoza,11.368189016279217
325,2019,3,Misiones,10.713348334458951
326,2019,3,Neuquén,19.092075679641724
327,2019,3,Río Negro,19.508498591229387
328,2019,3,Salta,10.771854623416075
329,2019,3,San Juan,9.440941485226007
330,2019,3,San Luis,24.390971166174673
331,2019,3,Santa Cruz,10.601555192584216
332,2019,3,Santa Fe,21.656424746361633
333,2019,3,Santiago Del Estero,13.725288048364083
334,2019,3,Tierra Del Fuego,28.598925193212118
335,2019,3,Tucumán,9.781574184382116
336,2019,2,Buenos Aires,22.215789484298067
337,2019,2,Capital Federal,46.08592579281094
338,2019,2,Catamarca,8.173397032450584
339,2019,2,Chaco,9.125011329267105
340,2019,2,Chubut,14.403808727896068
341,2019,2,Córdoba,20.841637242238242
342,2019,2,Corrientes,10.047459019420458
343,2019,2,Entre Ríos,17.185820444672466
344,2019,2,Formosa,7.742195783956093
345,2019,2,Jujuy,11.382934590825071
346,2019,2,La Pampa,25.39783989548608
347,2019,2,La Rioja,12.965645588675004
348,2019,2,Mendoza,11.373356541672889
349,2019,2,Misiones,10.662825595018377
350,2019,2,Neuquén,18.777900805620252
351,2019,2,Río Negro,18.792276756346176
352,2019,2,Salta,10.146610869132008
353,2019,2,San Juan,9.068540162527924
354,2019,2,San Luis,23.40822663016059
355,2019,2,Santa Cruz,8.584064828655885
356,2019,2,Santa Fe,21.201130485144205
357,2019,2,Santiago Del Estero,13.101581339388986
358,2019,2,Tierra Del Fuego,28.10756382159569
359,2019,2,Tucumán,9.942460440805863
360,2019,1,Buenos Aires,21.64173785141924
361,2019,1,Capital Federal,45.57918389943661
362,2019,1,Catamarca,8.188504627374574
363,2019,1,Chaco,8.722835003407456
364,2019,1,Chubut,13.180368061670734
365,2019,1,Córdoba,20.05952769269671
366,2019,1,Corrientes,9.25199213887151
367,2019,1,Entre Ríos,16.979402393290254
368,2019,1,Formosa,7.55368578631946
369,2019,1,Jujuy,11.867849761055307
370,2019,1,La Pampa,25.157516640472675
371,2019,1,La Rioja,13.359402478637785
372,2019,1,Mendoza,10.508862067173826
373,2019,1,Misiones,9.87579609120626
374,2019,1,Neuquén,17.526490396034294
375,2019,1,Río Negro,16.478122478195964
376,2019,1,Salta,9.711781014403453
377,2019,1,San Juan,8.108982017265918
378,2019,1,San Luis,19.271779401291518
379,2019,1,Santa Cruz,7.042691634453057
380,2019,1,Santa Fe,21.059894917387947
381,2019,1,Santiago Del Estero,9.311616280949599
382,2019,1,Tierra Del Fuego,27.684925791261847
383,2019,1,Tucumán,10.31263096739148
384,2018,4,Buenos Aires,21.058833823398523
385,2018,4,Capital Federal,45.24931394036689
386,2018,4,Catamarca,8.197333541624968
387,2018,4,Chaco,8.7108351925502
388,2018,4,Chubut,13.061729706052178
389,2018,4,Córdoba,19.92843117514227
390,2018,4,Corrientes,9.102210657080787
391,2018,4,Entre Ríos,16.257794035384702
392,2018,4,Formosa,7.568639138457005
393,2018,4,Jujuy,11.899484192418539
394,2018,4,La Pampa,24.215175627605007
395,2018,4,La Rioja,13.402859048246764
396,2018,4,Mendoza,10.536933969997644
397,2018,4,Misiones,9.38376401334208
398,2018,4,Neuquén,17.58336203291432
399,2018,4,Río Negro,15.952033444971306
400,2018,4,Salta,9.639884990122159
401,2018,4,San Juan,8.125067548299477
402,2018,4,San Luis,19.332549309229275
403,2018,4,Santa Cruz,7.049080016507051
404,2018,4,Santa Fe,20.62373640643868
405,2018,4,Santiago Del Estero,9.2821177795649
406,2018,4,Tierra Del Fuego,27.748785315817887
407,2018,4,Tucumán,10.344120436439566
408,2018,3,Buenos Aires,20.95908740104848
409,2018,3,Capital Federal,45.37709204560748
410,2018,3,Catamarca,8.373046550087581
411,2018,3,Chaco,8.628583509513742
412,2018,3,Chubut,17.28630822939319
413,2018,3,Córdoba,19.66915749676994
414,2018,3,Corrientes,9.018948170247882
415,2018,3,Entre Ríos,15.016208210741233
416,2018,3,Formosa,7.5279498103121085
417,2018,3,Jujuy,5.949165647225797
418,2018,3,La Pampa,23.64056278957734
419,2018,3,La Rioja,13.505484520192356
420,2018,3,Mendoza,10.601969231966759
421,2018,3,Misiones,8.74450949017475
422,2018,3,Neuquén,18.005451709791327
423,2018,3,Río Negro,15.546572458298687
424,2018,3,Salta,9.549341341721156
425,2018,3,San Juan,8.419357955569252
426,2018,3,San Luis,14.983359875657099
427,2018,3,Santa Cruz,9.738987459252597
428,2018,3,Santa Fe,19.939106982732063
429,2018,3,Santiago Del Estero,8.996517443513934
430,2018,3,Tierra Del Fuego,27.506021696216745
431,2018,3,Tucumán,10.325137534986972
432,2018,2,Buenos Aires,20.374582324435124
433,2018,2,Capital Federal,44.632577746788044
434,2018,2,Catamarca,8.35838388395506
435,2018,2,Chaco,8.353123614291734
436,2018,2,Chubut,16.830485129144066
437,2018,2,Córdoba,19.373198551696014
438,2018,2,Corrientes,8.903247385340823
439,2018,2,Entre Ríos,14.711648453505866
440,2018,2,Formosa,7.4919076165093035
441,2018,2,Jujuy,5.9923974768014165
442,2018,2,La Pampa,23.40701065826804
443,2018,2,La Rioja,13.570922884408905
444,2018,2,Mendoza,10.318226443150964
445,2018,2,Misiones,8.61598877251767
446,2018,2,Neuquén,17.931877810369247
447,2018,2,Río Negro,15.42558308937726
448,2018,2,Salta,9.673102808845783
449,2018,2,San Juan,8.392841711641646
450,2018,2,San Luis,4.336137508962927
451,2018,2,Santa Cruz,9.919588050940062
452,2018,2,Santa Fe,19.675591530682105
453,2018,2,Santiago Del Estero,8.750160589339375
454,2018,2,Tierra Del Fuego,27.162316515991055
455,2018,2,Tucumán,10.283671207148597
456,2018,1,Buenos Aires,20.27965291057949
457,2018,1,Capital Federal,44.562961320417855
458,2018,1,Catamarca,8.342098537275874
459,2018,1,Chaco,8.240328535251999
460,2018,1,Chubut,16.466326556340928
461,2018,1,Córdoba,19.447381073339752
462,2018,1,Corrientes,8.60133260210877
463,2018,1,Entre Ríos,14.555673456325385
464,2018,1,Formosa,5.4480098282582645
465,2018,1,Jujuy,5.912829505826147
466,2018,1,La Pampa,23.64124866231016
467,2018,1,La Rioja,13.694770063119927
468,2018,1,Mendoza,10.345843091967911
469,2018,1,Misiones,8.432278416607307
470,2018,1,Neuquén,18.31283869735193
471,2018,1,Río Negro,15.323567091543692
472,2018,1,Salta,9.633845443846392
473,2018,1,San Juan,8.306800710570991
474,2018,1,San Luis,4.335615022675048
475,2018,1,Santa Cruz,9.98473486255572
476,2018,1,Santa Fe,19.584682368757406
477,2018,1,Santiago Del Estero,8.683504190530646
478,2018,1,Tierra Del Fuego,19.33152333431171
479,2018,1,Tucumán,10.200177350055142
480,2017,4,Buenos Aires,18.61464924835486
481,2017,4,Capital Federal,51.6167209151056
482,2017,4,Catamarca,7.280600419229377
483,2017,4,Chaco,8.234501979468078
484,2017,4,Chubut,15.77581593080522
485,2017,4,Córdoba,19.390857786793124
486,2017,4,Corrientes,8.562263620309615
487,2017,4,Entre Ríos,14.317635180183578
488,2017,4,Formosa,5.414060072151437
489,2017,4,Jujuy,5.81583543877829
490,2017,4,La Pampa,23.409929773918797
491,2017,4,La Rioja,13.727965660359493
492,2017,4,Mendoza,9.300280994440511
493,2017,4,Misiones,8.482789477895514
494,2017,4,Neuquén,18.2308851652642
495,2017,4,Río Negro,15.187813662722721
496,2017,4,Salta,9.638816535753657
497,2017,4,San Juan,7.718528602820455
498,2017,4,San Luis,3.0299272402737993
499,2017,4,Santa Cruz,8.603821648608145
500,2017,4,Santa Fe,19.405680474329014
501,2017,4,Santiago Del Estero,7.228687949666727
502,2017,4,Tierra Del Fuego,17.758493353028065
503,2017,4,Tucumán,9.883286960651205
504,2017,3,Buenos Aires,17.935870973592106
505,2017,3,Capital Federal,51.2444496511116
506,2017,3,Catamarca,8.265091234974188
507,2017,3,Chaco,8.012103738024656
508,2017,3,Chubut,14.16737183585357
509,2017,3,Córdoba,19.076953915608296
510,2017,3,Corrientes,8.470212670540503
511,2017,3,Entre Ríos,13.741494179292031
512,2017,3,Formosa,5.43429504811395
513,2017,3,Jujuy,5.791142800512126
514,2017,3,La Pampa,22.780807976856142
515,2017,3,La Rioja,13.700651079810719
516,2017,3,Mendoza,9.964323465862444
517,2017,3,Misiones,8.227833589371523
518,2017,3,Neuquén,18.10848135178631
519,2017,3,Río Negro,14.924361907723748
520,2017,3,Salta,9.649427484390076
521,2017,3,San Juan,8.245115565495915
522,2017,3,San Luis,4.429809174940647
523,2017,3,Santa Cruz,9.907366563740627
524,2017,3,Santa Fe,19.152164898849556
525,2017,3,Santiago Del Estero,8.716515836151316
526,2017,3,Tierra Del Fuego,19.492764396867877
527,2017,3,Tucumán,9.833448455500244
528,2017,2,Buenos Aires,18.104156481000473
529,2017,2,Capital Federal,52.236738675121046
530,2017,2,Catamarca,6.608185687419579
531,2017,2,Chaco,7.763587198662014
532,2017,2,Chubut,10.897114883440475
533,2017,2,Córdoba,18.05661531060883
534,2017,2,Corrientes,8.265165616133114
535,2017,2,Entre Ríos,13.571663585663645
536,2017,2,Formosa,5.0818187061685505
537,2017,2,Jujuy,5.729417105648426
538,2017,2,La Pampa,20.920811368324546
539,2017,2,La Rioja,4.313641371128342
540,2017,2,Mendoza,8.863231962926129
541,2017,2,Misiones,8.196262181174568
542,2017,2,Neuquén,18.43063459528346
543,2017,2,Río Negro,14.1565144707972
544,2017,2,Salta,7.929941866624195
545,2017,2,San Juan,6.869062671706707
546,2017,2,San Luis,2.7229996991951935
547,2017,2,Santa Cruz,7.812000426302888
548,2017,2,Santa Fe,16.436519275562326
549,2017,2,Santiago Del Estero,3.5041532386183105
550,2017,2,Tierra Del Fuego,20.30130511507835
551,2017,2,Tucumán,9.459823731438563
552,2017,1,Buenos Aires,18.804855031011677
553,2017,1,Capital Federal,45.687714654171046
554,2017,1,Catamarca,6.527341318167275
555,2017,1,Chaco,7.65022534015797
556,2017,1,Chubut,10.932503392025788
557,2017,1,Córdoba,17.652242570602198
558,2017,1,Corrientes,8.147787146784857
559,2017,1,Entre Ríos,13.427434245008815
560,2017,1,Formosa,5.050590921688212
561,2017,1,Jujuy,5.81976940765058
562,2017,1,La Pampa,20.649049712429974
563,2017,1,La Rioja,4.311444393660782
564,2017,1,Mendoza,8.886706245725367
565,2017,1,Misiones,8.041713210556319
566,2017,1,Neuquén,18.166254008454768
567,2017,1,Río Negro,14.158945655638249
568,2017,1,Salta,7.8901262912821775
569,2017,1,San Juan,6.887390312005832
570,2017,1,San Luis,2.7319835263877543
571,2017,1,Santa Cruz,7.89382704275053
572,2017,1,Santa Fe,16.34225474583628
573,2017,1,Santiago Del Estero,3.6488508898009986
574,2017,1,Tierra Del Fuego,20.435486705666722
575,2017,1,Tucumán,9.388852799951817
576,2016,4,Buenos Aires,18.578640735833826
577,2016,4,Capital Federal,45.78373827727234
578,2016,4,Catamarca,6.720813040873304
579,2016,4,Chaco,7.653240095890541
580,2016,4,Chubut,10.959254911598952
581,2016,4,Córdoba,17.57129145976522
582,2016,4,Corrientes,8.119896031116928
583,2016,4,Entre Ríos,13.451982739190726
584,2016,4,Formosa,5.02928480990009
585,2016,4,Jujuy,5.758804384392255
586,2016,4,La Pampa,20.670760836407798
587,2016,4,La Rioja,4.350562085368715
588,2016,4,Mendoza,8.910941733480245
589,2016,4,Misiones,8.047024567428018
590,2016,4,Neuquén,17.993247493890816
591,2016,4,Río Negro,14.170250609480686
592,2016,4,Salta,7.865487548426057
593,2016,4,San Juan,6.913287316652287
594,2016,4,San Luis,2.7410268293938924
595,2016,4,Santa Cruz,7.940780215262837
596,2016,4,Santa Fe,16.345011971501133
597,2016,4,Santiago Del Estero,3.719720429331573
598,2016,4,Tierra Del Fuego,20.57132386392357
599,2016,4,Tucumán,9.349553397483637
600,2016,3,Buenos Aires,18.295308597951934
601,2016,3,Capital Federal,45.85472026772204
602,2016,3,Catamarca,6.72059087375157
603,2016,3,Chaco,7.706877803276395
604,2016,3,Chubut,11.041169584989312
605,2016,3,Córdoba,17.78550480431242
606,2016,3,Corrientes,8.161726730902307
607,2016,3,Entre Ríos,13.552371996148606
608,2016,3,Formosa,4.733748023050463
609,2016,3,Jujuy,5.76400350138348
610,2016,3,La Pampa,20.294829381412075
611,2016,3,La Rioja,4.529887087279927
612,2016,3,Mendoza,8.930444449562124
613,2016,3,Misiones,8.121652823521027
614,2016,3,Neuquén,17.862151015228427
615,2016,3,Río Negro,14.220201565227184
616,2016,3,Salta,7.955372391224448
617,2016,3,San Juan,6.939188629814689
618,2016,3,San Luis,2.7472425273887247
619,2016,3,Santa Cruz,7.932484607529773
620,2016,3,Santa Fe,16.529361932364445
621,2016,3,Santiago Del Estero,3.794480871177055
622,2016,3,Tierra Del Fuego,20.307103192524696
623,2016,3,Tucumán,9.358616360369721
624,2016,2,Buenos Aires,18.098684568289556
625,2016,2,Capital Federal,45.59375712104128
626,2016,2,Catamarca,6.632980570132604
627,2016,2,Chaco,7.642896733294073
628,2016,2,Chubut,11.074824787933132
629,2016,2,Córdoba,17.620348014320207
630,2016,2,Corrientes,8.053039893831306
631,2016,2,Entre Ríos,13.377306134693265
632,2016,2,Formosa,4.930439412017454
633,2016,2,Jujuy,5.597761384701527
634,2016,2,La Pampa,19.91385540427254
635,2016,2,La Rioja,4.4934890589340855
636,2016,2,Mendoza,8.96594364845842
637,2016,2,Misiones,7.964976216879448
638,2016,2,Neuquén,17.594175765043765
639,2016,2,Río Negro,14.224291356155328
640,2016,2,Salta,7.770812428027119
641,2016,2,San Juan,6.964997582946448
642,2016,2,San Luis,2.7487304539676813
643,2016,2,Santa Cruz,7.955357767523354
644,2016,2,Santa Fe,16.489119309020037
645,2016,2,Santiago Del Estero,3.943453095409565
646,2016,2,Tierra Del Fuego,20.081326844262296
647,2016,2,Tucumán,9.224512334342581
648,2016,1,Buenos Aires,17.53507921643952
649,2016,1,Capital Federal,43.75778412718348
650,2016,1,Catamarca,6.606879526910472
651,2016,1,Chaco,7.524734075579937
652,2016,1,Chubut,11.115931499378867
653,2016,1,Córdoba,16.972666239608547
654,2016,1,Corrientes,7.940601449315725
655,2016,1,Entre Ríos,13.142540095674788
656,2016,1,Formosa,4.858053690123639
657,2016,1,Jujuy,5.491800261988138
658,2016,1,La Pampa,19.101771424266833
659,2016,1,La Rioja,4.4969582015400285
660,2016,1,Mendoza,8.990567825336337
661,2016,1,Misiones,7.751215322654614
662,2016,1,Neuquén,16.65921009321782
663,2016,1,Río Negro,14.14929460475045
664,2016,1,Salta,7.6113150931071925
665,2016,1,San Juan,6.982387580659241
666,2016,1,San Luis,2.752950183918377
667,2016,1,Santa Cruz,8.051419802811122
668,2016,1,Santa Fe,16.157804349232396
669,2016,1,Santiago Del Estero,4.032855070541266
670,2016,1,Tierra Del Fuego,19.6541853628346
671,2016,1,Tucumán,9.127106142747772
672,2015,4,Buenos Aires,17.683348856285942
673,2015,4,Capital Federal,44.832983780989366
674,2015,4,Catamarca,6.643394374998431
675,2015,4,Chaco,7.53670916277073
676,2015,4,Chubut,11.205552103480567
677,2015,4,Córdoba,17.46916799414709
678,2015,4,Corrientes,7.950363156694786
679,2015,4,Entre Ríos,13.123962308090587
680,2015,4,Formosa,4.8305631271657905
681,2015,4,Jujuy,5.458341251601313
682,2015,4,La Pampa,19.272161272149656
683,2015,4,La Rioja,4.577775134234902
684,2015,4,Mendoza,9.015907568565332
685,2015,4,Misiones,7.766317103077486
686,2015,4,Neuquén,17.22630452981118
687,2015,4,Río Negro,14.185024658290292
688,2015,4,Salta,7.599850568087338
689,2015,4,San Juan,7.007150043164227
690,2015,4,San Luis,2.759291577250979
691,2015,4,Santa Cruz,8.143243109871943
692,2015,4,Santa Fe,16.474943169318767
693,2015,4,Santiago Del Estero,4.197822731421939
694,2015,4,Tierra Del Fuego,19.441920240938828
695,2015,4,Tucumán,9.122607419100433
696,2015,3,Buenos Aires,17.5478839831824
697,2015,3,Capital Federal,44.91109222814752
698,2015,3,Catamarca,6.5638473961451576
699,2015,3,Chaco,7.454020298824401
700,2015,3,Chubut,11.233578169758335
701,2015,3,Córdoba,17.430734989025318
702,2015,3,Corrientes,7.9251911359201195
703,2015,3,Entre Ríos,13.027710914374044
704,2015,3,Formosa,4.783639923880968
705,2015,3,Jujuy,5.423454555427568
706,2015,3,La Pampa,19.055588379965016
707,2015,3,La Rioja,4.550079085806065
708,2015,3,Mendoza,9.042401990754488
709,2015,3,Misiones,7.687041384274881
710,2015,3,Neuquén,16.195213031371225
711,2015,3,Río Negro,14.21984560217436
712,2015,3,Salta,7.525378783060509
713,2015,3,San Juan,7.027462887351242
714,2015,3,San Luis,2.7688118552652248
715,2015,3,Santa Cruz,8.159354482038923
716,2015,3,Santa Fe,16.3639671637834
717,2015,3,Santiago Del Estero,4.237302719178804
718,2015,3,Tierra Del Fuego,22.04802112197417
719,2015,3,Tucumán,9.04046893117945
720,2015,2,Buenos Aires,17.32566254457297
721,2015,2,Capital Federal,44.08485428379352
722,2015,2,Catamarca,6.475144864314208
723,2015,2,Chaco,7.341229538625331
724,2015,2,Chubut,11.215678099350221
725,2015,2,Córdoba,17.106520102782877
726,2015,2,Corrientes,7.790823368355694
727,2015,2,Entre Ríos,12.837181261223597
728,2015,2,Formosa,4.673478484721786
729,2015,2,Jujuy,5.188392481356063
730,2015,2,La Pampa,18.685329046975873
731,2015,2,La Rioja,4.494678751214943
732,2015,2,Mendoza,9.068294493026901
733,2015,2,Misiones,7.4498150149300955
734,2015,2,Neuquén,15.814175161962616
735,2015,2,Río Negro,14.14343856592951
736,2015,2,Salta,7.378443804380798
737,2015,2,San Juan,7.042097078751527
738,2015,2,San Luis,2.778618445940834
739,2015,2,Santa Cruz,8.058063850217536
740,2015,2,Santa Fe,16.093025858679276
741,2015,2,Santiago Del Estero,4.2466687085071415
742,2015,2,Tierra Del Fuego,22.095953780047246
743,2015,2,Tucumán,8.841187690702666
744,2015,1,Buenos Aires,17.241393436944044
745,2015,1,Capital Federal,43.65872499007399
746,2015,1,Catamarca,6.4030169907943355
747,2015,1,Chaco,7.143089175357747
748,2015,1,Chubut,11.585798774556789
749,2015,1,Córdoba,16.79362190248589
750,2015,1,Corrientes,7.642568763996284
751,2015,1,Entre Ríos,12.609336086982932
752,2015,1,Formosa,4.62384901660949
753,2015,1,Jujuy,5.050879913471037
754,2015,1,La Pampa,18.332348933631966
755,2015,1,La Rioja,4.462324463144091
756,2015,1,Mendoza,9.059236417534116
757,2015,1,Misiones,7.1884830279667495
758,2015,1,Neuquén,15.526250068921229
759,2015,1,Río Negro,13.99387526238606
760,2015,1,Salta,7.2946429647847415
761,2015,1,San Juan,7.039582453142129
762,2015,1,San Luis,2.790401457622043
763,2015,1,Santa Cruz,8.391896957421542
764,2015,1,Santa Fe,15.832773292036375
765,2015,1,Santiago Del Estero,4.2444689547784344
766,2015,1,Tierra Del Fuego,22.16715476458662
767,2015,1,Tucumán,8.71860866450986
768,2014,4,Buenos Aires,17.0147634301905
769,2014,4,Capital Federal,43.604620676636536
770,2014,4,Catamarca,6.459254980059493
771,2014,4,Chaco,5.81368220415458
772,2014,4,Chubut,12.22355578461917
773,2014,4,Córdoba,16.655707331301695
774,2014,4,Corrientes,6.174655065970425
775,2014,4,Entre Ríos,10.718328095183363
776,2014,4,Formosa,4.549162969289201
777,2014,4,Jujuy,4.982003512117359
778,2014,4,La Pampa,16.816524623987434
779,2014,4,La Rioja,4.496901902725229
780,2014,4,Mendoza,9.056377705209336
781,2014,4,Misiones,6.540662222041546
782,2014,4,Neuquén,15.52866412077054
783,2014,4,Río Negro,13.889530185847859
784,2014,4,Salta,7.103785883014793
785,2014,4,San Juan,7.100961754619733
786,2014,4,San Luis,2.7819569555272006
787,2014,4,Santa Cruz,8.15757414246012
788,2014,4,Santa Fe,15.657532856900755
789,2014,4,Santiago Del Estero,4.26296198713424
790,2014,4,Tierra Del Fuego,19.341882280727507
791,2014,4,Tucumán,8.693215352295233
792,2014,3,Buenos Aires,17.26299843234104
793,2014,3,Capital Federal,43.20639959292724
794,2014,3,Catamarca,6.269890252791938
795,2014,3,Chaco,5.627757222300207
796,2014,3,Chubut,12.388234071451354
797,2014,3,Córdoba,16.5601374978714
798,2014,3,Corrientes,5.9862826719116935
799,2014,3,Entre Ríos,10.433826435850124
800,2014,3,Formosa,4.5129252671268265
801,2014,3,Jujuy,4.68339443034039
802,2014,3,La Pampa,18.33753400191527
803,2014,3,La Rioja,4.379035874747908
804,2014,3,Mendoza,8.992236937014606
805,2014,3,Misiones,6.399773666851879
806,2014,3,Neuquén,16.726688649309313
807,2014,3,Río Negro,14.159932806209634
808,2014,3,Salta,7.053549273694012
809,2014,3,San Juan,7.0752480415613945
810,2014,3,San Luis,2.770051341285783
811,2014,3,Santa Cruz,8.34323913237982
812,2014,3,Santa Fe,15.437988654617879
813,2014,3,Santiago Del Estero,4.082169590293595
814,2014,3,Tierra Del Fuego,19.344392262780588
815,2014,3,Tucumán,8.381678430058432
816,2014,2,Buenos Aires,16.794925434991658
817,2014,2,Capital Federal,42.974776961427445
818,2014,2,Catamarca,6.284355435383139
819,2014,2,Chaco,5.602127567276613
820,2014,2,Chubut,12.696289361395674
821,2014,2,Córdoba,16.365408420405306
822,2014,2,Corrientes,5.945267054468535
823,2014,2,Entre Ríos,10.372072065869386
824,2014,2,Formosa,4.464869672895974
825,2014,2,Jujuy,4.784095434078587
826,2014,2,La Pampa,16.379048903362197
827,2014,2,La Rioja,4.3933834187878436
828,2014,2,Mendoza,8.95860097015214
829,2014,2,Misiones,6.365807425994047
830,2014,2,Neuquén,15.137568029498313
831,2014,2,Río Negro,13.946569423268942
832,2014,2,Salta,7.004015501526469
833,2014,2,San Juan,7.077771062624967
834,2014,2,San Luis,2.781512264860477
835,2014,2,Santa Cruz,8.744673181156902
836,2014,2,Santa Fe,15.216957428230305
837,2014,2,Santiago Del Estero,4.143683147939005
838,2014,2,Tierra Del Fuego,19.08631433655622
839,2014,2,Tucumán,8.409488588173268
840,2014,1,Buenos Aires,16.692346018019045
841,2014,1,Capital Federal,42.655071630586406
842,2014,1,Catamarca,6.184614520776599
843,2014,1,Chaco,5.553671463702625
844,2014,1,Chubut,12.703590133239262
845,2014,1,Córdoba,16.125183143749393
846,2014,1,Corrientes,5.891708288681968
847,2014,1,Entre Ríos,10.302247104839328
848,2014,1,Formosa,4.444467754793774
849,2014,1,Jujuy,4.724302778829112
850,2014,1,La Pampa,15.994061954006705
851,2014,1,La Rioja,4.353174900044055
852,2014,1,Mendoza,8.933318322823283
853,2014,1,Misiones,6.323160981949705
854,2014,1,Neuquén,14.882265766507492
855,2014,1,Río Negro,13.867842232252002
856,2014,1,Salta,6.976877486214764
857,2014,1,San Juan,7.050796578649686
858,2014,1,San Luis,2.684668505334274
859,2014,1,Santa Cruz,8.677326900880571
860,2014,1,Santa Fe,15.077800919408592
861,2014,1,Santiago Del Estero,4.058899015580628
862,2014,1,Tierra Del Fuego,19.10492102645171
863,2014,1,Tucumán,8.307214637543202
